,Rank,Team,League,Expenditures,Arrivals,Incomes,Departures,Net Balance,Year
1,1,Paris Saint-Germain,Ligue 1,£96.39m,23,£8.46m,14,"-97,70 Mill. £",2011.0
2,2,Juventus FC,Serie A,£91.65m,63,£18.63m,53,"-81,13 Mill. £",2011.0
3,3,Chelsea FC,Premier League,£86.81m,29,£29.16m,29,"-64,05 Mill. £",2011.0
4,4,AS Roma,Serie A,£82.44m,58,£23.58m,36,"-65,40 Mill. £",2011.0
5,5,Manchester City,Premier League,£81.95m,37,£26.73m,40,"-61,35 Mill. £",2011.0
6,6,Anzhi Makhachkala,Russia,£79.38m,22,£23.40m,19,"-62,20 Mill. £",2011.0
7,7,Atlético Madrid,LaLiga,£76.68m,30,£76.82m,22,150 Th. £,2011.0
8,8,SSC Napoli,Serie A,£65.43m,49,£21.41m,44,"-48,91 Mill. £",2011.0
9,9,Liverpool FC,Premier League,£59.87m,24,£20.61m,19,"-43,63 Mill. £",2011.0
10,10,Arsenal FC,Premier League,£58.93m,41,£70.46m,30,"12,82 Mill. £",2011.0
11,11,Manchester United,Premier League,£56.07m,23,£13.02m,24,"-47,84 Mill. £",2011.0
12,12,FC Barcelona,LaLiga,£54.00m,13,£42.26m,12,"-13,05 Mill. £",2011.0
13,13,Málaga CF,LaLiga,£53.33m,21,-,16,"-59,25 Mill. £",2011.0
14,14,AC Milan,Serie A,£51.62m,67,£20.07m,48,"-35,05 Mill. £",2011.0
15,15,Real Madrid,LaLiga,£49.50m,9,£7.20m,7,"-47,00 Mill. £",2011.0
16,16,Genoa CFC,Serie A,£48.18m,100,£66.33m,73,"20,17 Mill. £",2011.0
17,17,Bayern Munich,Bundesliga,£46.89m,8,£4.50m,6,"-47,10 Mill. £",2011.0
18,18,VfL Wolfsburg,Bundesliga,£43.92m,37,£10.91m,19,"-36,68 Mill. £",2011.0
19,19,US Palermo,Serie A,£41.42m,68,£62.51m,48,"23,43 Mill. £",2011.0
20,20,FC Porto,Liga NOS,£40.45m,52,£42.12m,37,"1,86 Mill. £",2011.0
21,21,FC Internazionale,Serie A,£36.18m,60,£50.36m,41,"15,75 Mill. £",2011.0
22,22,Fenerbahce SK,Süper Lig,£31.77m,16,£24.75m,15,"-7,80 Mill. £",2011.0
23,23,Valencia CF,LaLiga,£30.60m,19,£29.61m,17,"-1,10 Mill. £",2011.0
24,24,Sporting CP,Liga NOS,£30.50m,53,£5.97m,37,"-27,26 Mill. £",2011.0
25,25,Dinamo Moscow,Russia,£30.24m,18,£3.60m,11,"-29,60 Mill. £",2011.0
27,26,Villarreal CF,LaLiga,£28.17m,21,£24.17m,15,"-4,45 Mill. £",2011.0
28,27,SL Benfica,Liga NOS,£27.86m,75,£37.07m,53,"10,23 Mill. £",2011.0
29,28,Sunderland AFC,Premier League,£25.43m,37,£23.69m,33,"-1,93 Mill. £",2011.0
30,29,PSV Eindhoven,Eredivisie,£24.53m,17,£14.22m,14,"-11,45 Mill. £",2011.0
31,30,Queens Park Rangers,Premier League,£23.60m,45,£2.52m,43,"-23,43 Mill. £",2011.0
32,31,Newcastle United,Premier League,£23.45m,32,£14.44m,31,"-10,01 Mill. £",2011.0
33,32,Stoke City,Premier League,£22.32m,26,£1.79m,27,"-22,82 Mill. £",2011.0
34,33,Trabzonspor,Süper Lig,£22.01m,36,£8.75m,24,"-14,73 Mill. £",2011.0
35,34,Galatasaray SK,Süper Lig,£21.24m,26,£13.52m,21,"-8,58 Mill. £",2011.0
36,35,LOSC Lille,Ligue 1,£21.06m,23,£33.21m,20,"13,50 Mill. £",2011.0
37,36,Rubin Kazan,Russia,£21.02m,19,£7.74m,10,"-14,75 Mill. £",2011.0
38,37,Spartak Moscow,Russia,£20.70m,17,£6.17m,14,"-16,15 Mill. £",2011.0
39,38,Bayer 04 Leverkusen,Bundesliga,£20.53m,22,£14.45m,17,"-6,75 Mill. £",2011.0
40,39,SS Lazio,Serie A,£19.84m,42,£23.74m,28,"4,34 Mill. £",2011.0
41,40,Udinese Calcio,Serie A,£19.00m,92,£63.57m,63,"49,52 Mill. £",2011.0
42,41,Bologna FC 1909,Serie A,£18.70m,37,£18.99m,30,318 Th. £,2011.0
43,42,Blackburn Rovers,Premier League,£18.50m,27,£36.22m,28,"19,70 Mill. £",2011.0
44,43,Dynamo Kyiv,Premier Liga,£18.45m,17,£17.64m,15,-900 Th. £,2011.0
45,44,Aston Villa,Premier League,£18.30m,21,£39.37m,27,"23,41 Mill. £",2011.0
46,45,ACF Fiorentina,Serie A,£18.12m,46,£18.10m,36,-23 Th. £,2011.0
47,46,AS Monaco,Ligue 2,£18.00m,44,£20.70m,36,"3,00 Mill. £",2011.0
48,47,Sevilla FC,LaLiga,£17.10m,25,£14.13m,20,"-3,30 Mill. £",2011.0
49,48,UC Sampdoria,Serie B,£16.52m,70,£5.04m,50,"-12,75 Mill. £",2011.0
50,49,Fulham FC,Premier League,£16.52m,23,£6.90m,16,"-10,68 Mill. £",2011.0
51,50,Lokomotiv Moscow,Russia,£16.20m,20,£3.15m,14,"-14,50 Mill. £",2011.0
53,51,Leicester City,Championship,£16.16m,35,£1.12m,38,"-16,71 Mill. £",2011.0
54,52,Stade Rennais FC,Ligue 1,£15.12m,13,£4.95m,13,"-11,30 Mill. £",2011.0
55,53,Zenit St. Petersburg,Russia,£14.58m,8,£990k,6,"-15,10 Mill. £",2011.0
56,54,AS Saint-Étienne,Ligue 1,£14.49m,28,£25.97m,22,"12,76 Mill. £",2011.0
57,55,Bolton Wanderers,Premier League,£14.04m,25,£14.70m,23,730 Th. £,2011.0
58,56,Sociedade Esportiva Palmeiras,Série A,£13.99m,43,£5.40m,43,"-9,55 Mill. £",2011.0
59,57,Norwich City,Premier League,£13.73m,22,£450k,21,"-14,75 Mill. £",2011.0
60,58,Shakhtar Donetsk,Premier Liga,£13.71m,20,£9.00m,14,"-5,23 Mill. £",2011.0
61,59,Clube de Regatas do Flamengo,Série A,£13.22m,48,£2.93m,36,"-11,44 Mill. £",2011.0
62,60,Al-Ain FC,United Arab Emirates,£12.93m,7,£2.52m,11,"-11,57 Mill. £",2011.0
63,61,AC Siena,Serie A,£12.89m,82,£2.18m,60,"-11,90 Mill. £",2011.0
64,62,Besiktas JK,Süper Lig,£12.56m,30,£1.14m,26,"-12,68 Mill. £",2011.0
65,63,Dnipro Dnipropetrovsk,Premier Liga,£12.54m,20,£2.25m,21,"-11,44 Mill. £",2011.0
66,64,Hamburger SV,Bundesliga,£12.51m,24,£15.62m,18,"3,45 Mill. £",2011.0
67,65,São Paulo Futebol Clube,Série A,£12.42m,43,£2.17m,47,"-11,39 Mill. £",2011.0
68,66,Club Brugge KV,Jupiler Pro League,£12.38m,27,£12.69m,16,350 Th. £,2011.0
69,67,Al-Hilal Riyadh,Professional League,£12.33m,11,£10.08m,15,"-2,50 Mill. £",2011.0
70,68,FC Toulouse,Ligue 1,£12.00m,11,£4.32m,12,"-8,54 Mill. £",2011.0
71,69,Ajax Amsterdam,Eredivisie,£11.95m,15,£12.26m,15,350 Th. £,2011.0
72,70,Swansea City,Premier League,£11.57m,23,£410k,22,"-12,40 Mill. £",2011.0
73,71,Fluminense Football Club,Série A,£11.40m,41,£12.20m,43,880 Th. £,2011.0
74,72,Wigan Athletic,Premier League,£11.14m,26,£10.16m,16,"-1,09 Mill. £",2011.0
75,73,West Ham United,Championship,£11.10m,39,£8.87m,39,"-2,49 Mill. £",2011.0
76,74,CF América,Liga MX Clausura,£11.07m,35,-,29,"-12,30 Mill. £",2011.0
77,75,Granada CF,LaLiga,£10.97m,51,£135k,39,"-12,04 Mill. £",2011.0
79,76,Olympiacos Piraeus,Super League,£10.94m,53,£2.70m,40,"-9,16 Mill. £",2011.0
80,77,Wolverhampton Wanderers,Premier League,£10.85m,34,£2.34m,34,"-9,45 Mill. £",2011.0
81,78,Dalian Aerbin,Super League,£10.76m,16,£117k,12,"-11,82 Mill. £",2011.0
82,79,Guangzhou Evergrande,Super League,£10.59m,13,£1.23m,3,"-10,39 Mill. £",2011.0
83,80,Parma FC,Serie A,£10.54m,105,£26.06m,78,"17,25 Mill. £",2011.0
84,81,Club Tijuana,Liga MX Clausura,£10.35m,24,-,27,"-11,50 Mill. £",2011.0
85,82,Real Zaragoza,LaLiga,£10.35m,24,£14.22m,31,"4,30 Mill. £",2011.0
86,83,Borussia Dortmund,Bundesliga,£10.10m,13,£10.93m,11,915 Th. £,2011.0
87,84,FC Lorient,Ligue 1,£9.99m,24,£14.40m,23,"4,90 Mill. £",2011.0
88,85,VfB Stuttgart,Bundesliga,£9.99m,11,£18.54m,12,"9,50 Mill. £",2011.0
89,86,Chievo Verona,Serie A,£9.90m,79,£10.88m,59,"1,09 Mill. £",2011.0
90,87,Atalanta BC,Serie A,£9.90m,44,£10.49m,38,650 Th. £,2011.0
91,88,Olympique Marseille,Ligue 1,£9.90m,18,-,17,"-11,00 Mill. £",2011.0
92,89,1.FSV Mainz 05,Bundesliga,£9.81m,22,£11.21m,17,"1,55 Mill. £",2011.0
93,90,AC Cesena,Serie A,£9.29m,81,£11.03m,60,"1,93 Mill. £",2011.0
94,91,Bursaspor,Süper Lig,£9.18m,26,£6.84m,22,"-2,60 Mill. £",2011.0
95,92,Al-Ahli Dubai Club,United Arab Emirates,£9.02m,14,£2.48m,11,"-7,28 Mill. £",2011.0
96,93,Terek Grozny,Russia,£8.64m,9,-,6,"-9,60 Mill. £",2011.0
97,94,Tottenham Hotspur,Premier League,£8.51m,44,£38.93m,38,"33,80 Mill. £",2011.0
98,95,Al Gharafa Sports Club,Stars League,£8.19m,7,£1.80m,13,"-7,10 Mill. £",2011.0
99,96,West Bromwich Albion,Premier League,£8.17m,32,£10.01m,32,"2,04 Mill. £",2011.0
100,97,SV Werder Bremen,Bundesliga,£7.92m,18,£18.23m,20,"11,45 Mill. £",2011.0
101,98,Grêmio Foot-Ball Porto Alegrense,Série A,£7.70m,47,£8.38m,42,765 Th. £,2011.0
102,99,Santos FC,Série A,£7.69m,35,£24.70m,41,"18,91 Mill. £",2011.0
103,100,FC Twente Enschede,Eredivisie,£7.65m,15,£16.20m,12,"9,50 Mill. £",2011.0
105,101,CSKA Moscow,Russia,£7.65m,15,£9.18m,13,"1,70 Mill. £",2011.0
106,102,Cagliari Calcio,Serie A,£7.55m,28,£23.13m,24,"17,31 Mill. £",2011.0
107,103,OGC Nice,Ligue 1,£7.52m,20,£540k,19,"-7,75 Mill. £",2011.0
108,104,RSC Anderlecht,Jupiler Pro League,£7.47m,37,£20.70m,26,"14,70 Mill. £",2011.0
109,105,FC Utrecht,Eredivisie,£7.20m,22,£17.80m,18,"11,78 Mill. £",2011.0
110,106,Metalist Kharkiv,Premier Liga,£7.11m,19,£450k,13,"-7,40 Mill. £",2011.0
111,107,Steaua Bukarest,Liga 1,£7.07m,26,£1.58m,25,"-6,10 Mill. £",2011.0
112,108,Al-Shabab Riyadh,Professional League,£6.84m,10,-,15,"-7,60 Mill. £",2011.0
113,109,Athletic Bilbao,LaLiga,£6.75m,10,-,7,"-7,50 Mill. £",2011.0
114,110,Al Sadd Sports Club,Stars League,£6.75m,6,£450k,7,"-7,00 Mill. £",2011.0
115,111,Guangzhou R&F,Super League,£6.62m,11,-,7,"-7,35 Mill. £",2011.0
116,112,FC Schalke 04,Bundesliga,£6.57m,20,£30.67m,17,"26,78 Mill. £",2011.0
117,113,Torino FC,Serie B,£6.50m,38,£270k,35,"-6,92 Mill. £",2011.0
118,114,Everton FC,Premier League,£6.48m,21,£24.12m,19,"19,60 Mill. £",2011.0
119,115,Juventus Primavera,Primavera A,£6.03m,21,£900k,23,"-5,70 Mill. £",2011.0
120,116,1.FC Kaiserslautern,Bundesliga,£5.97m,18,£4.01m,21,"-2,18 Mill. £",2011.0
121,117,RCD Espanyol Barcelona,LaLiga,£5.85m,23,£22.50m,22,"18,50 Mill. £",2011.0
122,118,Clube Atlético Mineiro,Série A,£5.81m,44,£3.20m,52,"-2,90 Mill. £",2011.0
123,119,KRC Genk,Jupiler Pro League,£5.54m,22,£19.40m,20,"15,40 Mill. £",2011.0
124,120,Brighton & Hove Albion,Championship,£5.42m,29,£1.69m,29,"-4,15 Mill. £",2011.0
125,121,TSG 1899 Hoffenheim,Bundesliga,£5.31m,23,£6.75m,15,"1,60 Mill. £",2011.0
126,122,1. FC Köln,Bundesliga,£5.29m,27,£2.59m,23,"-3,00 Mill. £",2011.0
127,123,FCO Dijon,Ligue 1,£5.27m,25,-,19,"-5,85 Mill. £",2011.0
128,124,Novara Calcio 1908,Serie A,£5.09m,37,£1.93m,34,"-3,51 Mill. £",2011.0
129,125,Southampton FC,Championship,£5.05m,25,£12.91m,23,"8,73 Mill. £",2011.0
131,126,Al-Wasl Sports Club,United Arab Emirates,£5.04m,14,-,11,"-5,60 Mill. £",2011.0
132,127,US Sassuolo,Serie B,£4.93m,33,-,27,"-5,48 Mill. £",2011.0
133,128,AS Nancy-Lorraine,Ligue 1,£4.82m,23,£8.64m,25,"4,25 Mill. £",2011.0
134,129,Sport Club Internacional,Série A,£4.80m,44,£6.12m,45,"1,47 Mill. £",2011.0
135,130,SC Braga,Liga NOS,£4.76m,53,£21.81m,42,"18,95 Mill. £",2011.0
136,131,FC Sochaux-Montbéliard,Ligue 1,£4.73m,14,£10.35m,14,"6,25 Mill. £",2011.0
137,132,Manchester City U18,England,£4.73m,8,-,13,"-5,25 Mill. £",2011.0
138,133,FC Copenhagen,Superligaen,£4.68m,16,£3.87m,13,-900 Th. £,2011.0
139,134,FK Krasnodar,Russia,£4.64m,13,-,14,"-5,15 Mill. £",2011.0
140,135,Portsmouth FC,Championship,£4.59m,37,£702k,37,"-4,33 Mill. £",2011.0
141,136,Standard Liège,Jupiler Pro League,£4.50m,30,£26.06m,30,"23,95 Mill. £",2011.0
142,137,Istanbul Büyüksehir Belediyespor,Süper Lig,£4.32m,14,-,15,"-4,80 Mill. £",2011.0
143,138,GNK Dinamo Zagreb,1.HNL,£4.28m,36,£378k,28,"-4,33 Mill. £",2011.0
144,139,AZ Alkmaar,Eredivisie,£4.14m,12,£13.01m,14,"9,85 Mill. £",2011.0
145,140,Olympique Lyon,Ligue 1,£4.14m,17,£19.80m,10,"17,40 Mill. £",2011.0
146,141,Tigres UANL,Liga MX Clausura,£4.05m,34,£3.66m,25,-430 Th. £,2011.0
147,142,Maccabi Haifa,Ligat ha'Al,£4.03m,29,£2.75m,22,"-1,43 Mill. £",2011.0
148,143,Calcio Padova,Serie B,£3.88m,35,£2.21m,32,"-1,86 Mill. £",2011.0
149,144,Hannover 96,Bundesliga,£3.78m,10,-,7,"-4,20 Mill. £",2011.0
150,145,1.FC Nuremberg,Bundesliga,£3.74m,19,£4.95m,18,"1,35 Mill. £",2011.0
151,146,Calcio Catania,Serie A,£3.73m,39,£12.04m,29,"9,24 Mill. £",2011.0
152,147,Valenciennes FC,Ligue 1,£3.69m,9,£3.78m,9,100 Th. £,2011.0
153,148,Kuban Krasnodar,Russia,£3.65m,18,£4.50m,18,950 Th. £,2011.0
154,149,Rangers FC,Premiership,£3.63m,23,£7.70m,21,"4,52 Mill. £",2011.0
155,150,Atlético Paranaense,Série B,£3.60m,46,-,39,"-4,00 Mill. £",2011.0
157,151,Club Deportivo Maldonado,Segunda División,£3.60m,27,£9.09m,17,"6,10 Mill. £",2011.0
158,152,FC Girondins Bordeaux,Ligue 1,£3.60m,20,£11.25m,15,"8,50 Mill. £",2011.0
159,153,Kayserispor,Süper Lig,£3.57m,22,£4.40m,19,915 Th. £,2011.0
160,154,Celtic FC,Premiership,£3.57m,32,£1.57m,30,"-2,22 Mill. £",2011.0
161,155,AJ Auxerre,Ligue 1,£3.38m,26,£3.15m,16,-250 Th. £,2011.0
162,156,Los Angeles Galaxy,MLS,£3.38m,23,-,21,"-3,75 Mill. £",2011.0
163,157,El Ahly Cairo,Premier League,£3.33m,23,£396k,18,"-3,26 Mill. £",2011.0
164,158,Eintracht Frankfurt,2.Bundesliga,£3.33m,19,£5.90m,21,"2,85 Mill. £",2011.0
165,159,Club Atlético Boca Juniors,Torneo Final,£3.24m,38,£6.85m,25,"4,01 Mill. £",2011.0
166,160,RCD Mallorca,LaLiga,£3.24m,13,£8.78m,14,"6,15 Mill. £",2011.0
167,161,Seongnam Ilhwa Chunma FC,K League 1,£3.17m,26,£1.04m,26,"-2,37 Mill. £",2011.0
168,162,FC Barcelona B,LaLiga2,£3.15m,12,£4.59m,11,"1,60 Mill. £",2011.0
169,163,SC Freiburg,Bundesliga,£3.15m,17,£13.77m,17,"11,80 Mill. £",2011.0
170,164,Liverpool FC U18,England,£3.11m,5,-,18,"-3,45 Mill. £",2011.0
171,165,Derby County,Championship,£3.09m,28,£792k,33,"-2,55 Mill. £",2011.0
172,166,Getafe CF,LaLiga,£2.97m,22,£16.72m,19,"15,28 Mill. £",2011.0
173,167,FK Partizan Belgrade,SuperLiga,£2.96m,27,£20.12m,23,"19,06 Mill. £",2011.0
174,168,Ipswich Town,Championship,£2.96m,24,£8.10m,32,"5,72 Mill. £",2011.0
175,169,CD Cruz Azul,Liga MX Clausura,£2.87m,27,-,22,"-3,19 Mill. £",2011.0
176,170,Rosenborg BK,Eliteserien,£2.85m,17,£2.79m,17,-70 Th. £,2011.0
177,171,Al-Ittihad Jeddah,Professional League,£2.81m,14,-,15,"-3,13 Mill. £",2011.0
178,172,Al Arabi Sports Club,Stars League,£2.79m,9,-,10,"-3,10 Mill. £",2011.0
179,173,Red Star Belgrade,SuperLiga,£2.77m,39,£5.89m,35,"3,47 Mill. £",2011.0
180,174,Burnley FC,Championship,£2.73m,36,£5.18m,35,"2,72 Mill. £",2011.0
181,175,BSC Young Boys,Super League,£2.72m,27,£9.05m,20,"7,03 Mill. £",2011.0
183,176,Al Duhail Sports Club,Stars League,£2.66m,13,-,11,"-2,95 Mill. £",2011.0
184,177,KAA Gent,Jupiler Pro League,£2.66m,18,£900k,11,"-1,95 Mill. £",2011.0
185,178,Neuchâtel Xamax,Super League,£2.57m,23,£585k,42,"-2,20 Mill. £",2011.0
186,179,Red Bull Salzburg,Bundesliga,£2.56m,16,-,16,"-2,85 Mill. £",2011.0
187,180,Cardiff City,Championship,£2.56m,28,£1.73m,23,-915 Th. £,2011.0
188,181,Shandong Luneng Taishan,Super League,£2.52m,8,£630k,12,"-2,10 Mill. £",2011.0
189,182,Vitesse Arnhem,Eredivisie,£2.43m,22,£315k,17,"-2,35 Mill. £",2011.0
190,183,Inter Milan Primavera,Primavera B,£2.39m,29,£90k,29,"-2,55 Mill. £",2011.0
191,184,Borussia Mönchengladbach,Bundesliga,£2.39m,22,£3.45m,21,"1,18 Mill. £",2011.0
192,185,Mersin Idmanyurdu,Süper Lig,£2.36m,26,-,32,"-2,63 Mill. £",2011.0
193,186,CA Osasuna,LaLiga,£2.34m,19,£7.47m,17,"5,70 Mill. £",2011.0
194,187,CD Universidad Católica,Primera División,£2.33m,21,£2.85m,25,580 Th. £,2011.0
195,188,Racing Club,Torneo Final,£2.31m,20,-,15,"-2,57 Mill. £",2011.0
196,189,Club Universidad de Chile,Primera División,£2.31m,23,£18.72m,23,"18,23 Mill. £",2011.0
197,190,Hapoel Tel Aviv,Ligat ha'Al,£2.30m,25,£4.43m,22,"2,38 Mill. £",2011.0
198,191,Stade Brest 29,Ligue 1,£2.25m,16,£7.20m,12,"5,50 Mill. £",2011.0
199,192,Atlético Madrid B,2ª B - Grupo I,£2.25m,24,£2.54m,25,320 Th. £,2011.0
200,193,Atlético Nacional,Liga Águila II,£2.16m,42,£2.16m,38,+-0,2011.0
201,194,Inter Youth,Italy,£2.16m,13,-,18,"-2,40 Mill. £",2011.0
202,195,Jiangsu Sainty,Super League,£2.09m,10,£135k,12,"-2,17 Mill. £",2011.0
203,196,Everton FC U18,England,£2.07m,2,-,14,"-2,30 Mill. £",2011.0
204,197,Eskisehirspor,Süper Lig,£2.07m,17,£2.48m,11,450 Th. £,2011.0
205,198,FC Pohang Steelers,K League 1,£2.07m,15,-,18,"-2,30 Mill. £",2011.0
206,199,Palermo Primavera,Primavera C,£2.03m,21,-,24,"-2,26 Mill. £",2011.0
207,200,AS Bari,Serie B,£2.03m,60,£13.64m,58,"12,91 Mill. £",2011.0
209,201,Changchun Yatai,Super League,£1.98m,10,-,12,"-2,20 Mill. £",2011.0
210,202,MKE Ankaragücü,Süper Lig,£1.98m,30,£720k,36,"-1,40 Mill. £",2011.0
211,203,Vicenza Calcio,Serie B,£1.94m,44,£2.46m,37,578 Th. £,2011.0
212,204,Dalian Shide,Super League,£1.89m,10,-,10,"-2,10 Mill. £",2011.0
213,205,Huddersfield Town,League One,£1.88m,31,£2.79m,26,"1,01 Mill. £",2011.0
214,206,Dinamo Bukarest,Liga 1,£1.85m,27,£5.16m,24,"3,69 Mill. £",2011.0
215,207,Nottingham Forest,Championship,£1.85m,29,£2.84m,27,"1,10 Mill. £",2011.0
216,208,Polonia Warsaw,Ekstraklasa,£1.81m,23,£5.72m,24,"4,35 Mill. £",2011.0
217,209,San Luis FC,Liga MX Clausura,£1.80m,42,£1.98m,42,200 Th. £,2011.0
218,210,CF Monterrey,Liga MX Clausura,£1.80m,22,-,19,"-2,00 Mill. £",2011.0
219,211,HSC Montpellier,Ligue 1,£1.80m,14,£1.80m,12,+-0,2011.0
220,212,Reading FC,Championship,£1.79m,34,£10.17m,34,"9,32 Mill. £",2011.0
221,213,Gamba Osaka,J1 League,£1.77m,18,£270k,17,"-1,67 Mill. £",2011.0
222,214,FC Groningen,Eredivisie,£1.76m,14,£8.59m,14,"7,58 Mill. £",2011.0
223,215,Sport Club Corinthians Paulista,Série A,£1.74m,43,£13.50m,37,"13,07 Mill. £",2011.0
224,216,Real Betis Balompié,LaLiga,£1.74m,15,£4.05m,19,"2,57 Mill. £",2011.0
225,217,Beijing Guoan,Super League,£1.74m,18,-,12,"-1,93 Mill. £",2011.0
226,218,LDU Quito,Serie A Segunda Etapa,£1.71m,20,£2.41m,19,775 Th. £,2011.0
227,219,FC Évian Thonon Gaillard,Ligue 1,£1.67m,17,-,15,"-1,85 Mill. £",2011.0
228,220,Tottenham Hotspur U21,England,£1.58m,9,-,6,"-1,75 Mill. £",2011.0
229,221,Blackpool FC,Championship,£1.56m,49,£9.59m,49,"8,92 Mill. £",2011.0
230,222,AFC Bournemouth,League One,£1.54m,42,£2.01m,37,520 Th. £,2011.0
231,223,Genoa Primavera,Primavera A,£1.53m,33,-,28,"-1,70 Mill. £",2011.0
232,224,FAR Rabat,Botola Pro,£1.51m,16,£790k,18,-798 Th. £,2011.0
233,225,Gaziantepspor,Süper Lig,£1.49m,20,£5.09m,16,"4,00 Mill. £",2011.0
235,226,Hull City,Championship,£1.45m,33,-,29,"-1,61 Mill. £",2011.0
236,227,Kardemir D.C. Karabükspor,Süper Lig,£1.44m,36,£8.10m,34,"7,40 Mill. £",2011.0
237,228,Middlesbrough FC,Championship,£1.44m,32,£4.32m,25,"3,20 Mill. £",2011.0
238,229,Arsenal FC U18,England,£1.40m,5,-,14,"-1,55 Mill. £",2011.0
239,230,Levante UD,LaLiga,£1.40m,18,£7.20m,26,"6,45 Mill. £",2011.0
240,231,Udinese Primavera,Primavera B,£1.35m,25,-,17,"-1,50 Mill. £",2011.0
241,232,Sporting Gijón,LaLiga,£1.35m,11,£4.05m,8,"3,00 Mill. £",2011.0
242,233,Malmö FF,Allsvenskan,£1.35m,10,£450k,10,"-1,00 Mill. £",2011.0
243,234,Shanghai Shenhua,Super League,£1.35m,12,£765k,16,-650 Th. £,2011.0
244,235,Real Sociedad,LaLiga,£1.35m,9,-,11,"-1,50 Mill. £",2011.0
245,236,Club Cerro Porteño,Paraguay,£1.35m,14,£1.80m,19,500 Th. £,2011.0
246,237,Samsunspor,Süper Lig,£1.32m,37,-,41,"-1,47 Mill. £",2011.0
247,238,SC Heerenveen,Eredivisie,£1.31m,19,£2.12m,12,900 Th. £,2011.0
248,239,Club de Regatas Vasco da Gama,Série A,£1.31m,35,-,42,"-1,45 Mill. £",2011.0
249,240,CSD Colo Colo,Primera División,£1.28m,27,£4.26m,33,"3,30 Mill. £",2011.0
250,241,Ha Noi FC,Vietnam,£1.28m,4,-,3,"-1,42 Mill. £",2011.0
251,242,Guizhou Renhe,Super League,£1.28m,14,£1.44m,13,180 Th. £,2011.0
252,243,Watford FC,Championship,£1.27m,41,£7.74m,39,"7,19 Mill. £",2011.0
253,244,Hertha BSC,Bundesliga,£1.26m,16,£900k,10,-400 Th. £,2011.0
254,245,Club Atlético Newell's Old Boys,Torneo Final,£1.24m,21,£2.23m,30,"1,11 Mill. £",2011.0
255,246,Club Atlético San Lorenzo de Almagro,Torneo Final,£1.22m,27,£1.35m,25,143 Th. £,2011.0
256,247,Club Atlético Vélez Sarsfield,Torneo Final,£1.15m,18,£15.75m,12,"16,22 Mill. £",2011.0
257,248,Club Atlético Lanús,Torneo Final,£900k,38,£1.35m,25,500 Th. £,2011.0
258,249,Santos Laguna,Liga MX Clausura,£900k,30,£7.20m,21,"7,00 Mill. £",2011.0
259,250,CD Ñublense,Primera B Apertura,£720k,21,-,24,-800 Th. £,2011.0
261,1,Paris Saint-Germain,Ligue 1,£135.90m,19,£4.28m,15,"-146,25 Mill. £",2012.0
262,2,Chelsea FC,Premier League,£98.73m,39,£22.91m,30,"-84,25 Mill. £",2012.0
263,3,Zenit St. Petersburg,Premier Liga,£79.88m,10,£1.58m,8,"-87,01 Mill. £",2012.0
264,4,Manchester United,Premier League,£68.81m,26,£9.79m,22,"-65,57 Mill. £",2012.0
265,5,FC Internazionale,Serie A,£68.45m,62,£56.97m,49,"-12,75 Mill. £",2012.0
266,6,Tottenham Hotspur,Premier League,£65.93m,38,£65.50m,37,-470 Th. £,2012.0
267,7,Juventus FC,Serie A,£65.52m,68,£20.97m,45,"-49,50 Mill. £",2012.0
268,8,Liverpool FC,Premier League,£63.54m,22,£9.41m,19,"-60,15 Mill. £",2012.0
269,9,Bayern Munich,Bundesliga,£63.27m,12,£450k,7,"-69,80 Mill. £",2012.0
270,10,Anzhi Makhachkala,Premier Liga,£61.11m,13,£14.40m,18,"-51,90 Mill. £",2012.0
271,11,Manchester City,Premier League,£55.76m,27,£39.87m,28,"-17,65 Mill. £",2012.0
272,12,Arsenal FC,Premier League,£50.40m,25,£59.27m,20,"9,85 Mill. £",2012.0
273,13,AC Milan,Serie A,£50.09m,70,£85.05m,56,"38,85 Mill. £",2012.0
274,14,Queens Park Rangers,Premier League,£45.32m,46,£4.06m,46,"-45,84 Mill. £",2012.0
275,15,AS Roma,Serie A,£39.75m,65,£19.40m,48,"-22,60 Mill. £",2012.0
276,16,Southampton FC,Premier League,£37.35m,33,-,26,"-41,50 Mill. £",2012.0
277,17,Dynamo Kyiv,Premier Liga,£36.70m,23,£8.37m,21,"-31,48 Mill. £",2012.0
278,18,ACF Fiorentina,Serie A,£36.69m,52,£29.93m,44,"-7,52 Mill. £",2012.0
279,19,Sport Club Corinthians Paulista,Série A,£35.39m,48,£18.91m,48,"-18,32 Mill. £",2012.0
280,20,Real Madrid,LaLiga,£34.65m,8,£30.15m,9,"-5,00 Mill. £",2012.0
281,21,Sunderland AFC,Premier League,£34.47m,29,£13.34m,32,"-23,48 Mill. £",2012.0
282,22,Fenerbahce SK,Süper Lig,£30.51m,15,£3.60m,13,"-29,90 Mill. £",2012.0
283,23,FC Barcelona,LaLiga,£29.70m,10,£450k,5,"-32,50 Mill. £",2012.0
284,24,Spartak Moscow,Premier Liga,£28.98m,18,£5.04m,15,"-26,60 Mill. £",2012.0
285,25,Galatasaray SK,Süper Lig,£28.85m,25,£3.50m,21,"-28,16 Mill. £",2012.0
287,26,Rubin Kazan,Premier Liga,£28.80m,19,£4.05m,16,"-27,50 Mill. £",2012.0
288,27,Newcastle United,Premier League,£28.77m,24,£13.32m,25,"-17,17 Mill. £",2012.0
289,28,Borussia Mönchengladbach,Bundesliga,£28.26m,16,£21.65m,14,"-7,35 Mill. £",2012.0
290,29,SSC Napoli,Serie A,£27.95m,50,£31.37m,33,"3,80 Mill. £",2012.0
291,30,Parma FC,Serie A,£26.93m,174,£13.82m,112,"-14,57 Mill. £",2012.0
292,31,SL Benfica,Liga NOS,£26.10m,52,£68.15m,38,"46,73 Mill. £",2012.0
293,32,Aston Villa,Premier League,£25.05m,20,£2.88m,14,"-24,63 Mill. £",2012.0
294,33,Udinese Calcio,Serie A,£24.66m,79,£54.86m,58,"33,55 Mill. £",2012.0
295,34,VfL Wolfsburg,Bundesliga,£24.39m,35,£19.67m,28,"-5,25 Mill. £",2012.0
296,35,Hamburger SV,Bundesliga,£24.30m,14,£8.64m,18,"-17,40 Mill. £",2012.0
297,36,Genoa CFC,Serie A,£24.19m,103,£60.08m,76,"39,87 Mill. £",2012.0
298,37,Borussia Dortmund,Bundesliga,£23.99m,15,£30.60m,12,"7,35 Mill. £",2012.0
299,38,TSG 1899 Hoffenheim,Bundesliga,£23.67m,31,£18.23m,25,"-6,05 Mill. £",2012.0
300,39,US Palermo,Serie A,£23.41m,66,£21.76m,50,"-1,84 Mill. £",2012.0
301,40,Torino FC,Serie A,£22.48m,36,£3.69m,38,"-20,88 Mill. £",2012.0
302,41,AS Monaco,Ligue 2,£22.19m,30,£3.15m,32,"-21,15 Mill. £",2012.0
303,42,Shakhtar Donetsk,Premier Liga,£21.82m,15,£32.40m,15,"11,76 Mill. £",2012.0
304,43,West Ham United,Premier League,£21.51m,26,£4.55m,30,"-18,85 Mill. £",2012.0
305,44,Stoke City,Premier League,£21.31m,24,£576k,24,"-23,04 Mill. £",2012.0
306,45,Valencia CF,LaLiga,£20.88m,12,£27.00m,16,"6,80 Mill. £",2012.0
307,46,CSKA Moscow,Premier Liga,£20.43m,9,-,8,"-22,70 Mill. £",2012.0
308,47,LOSC Lille,Ligue 1,£20.25m,21,£37.08m,17,"18,70 Mill. £",2012.0
309,48,Guangzhou Evergrande,Super League,£20.25m,17,£1.30m,17,"-21,06 Mill. £",2012.0
310,49,Everton FC,Premier League,£19.49m,13,£16.88m,14,"-2,90 Mill. £",2012.0
311,50,Bayer 04 Leverkusen,Bundesliga,£18.81m,23,£13.21m,19,"-6,22 Mill. £",2012.0
313,51,UC Sampdoria,Serie A,£18.50m,76,£5.85m,50,"-14,05 Mill. £",2012.0
314,52,Swansea City,Premier League,£18.42m,21,£29.34m,24,"12,13 Mill. £",2012.0
315,53,Lokomotiv Moscow,Premier Liga,£18.00m,20,£7.83m,16,"-11,30 Mill. £",2012.0
316,54,Atalanta BC,Serie A,£16.52m,52,£16.61m,39,100 Th. £,2012.0
317,55,FC Twente Enschede,Eredivisie,£16.20m,21,£22.05m,17,"6,50 Mill. £",2012.0
318,56,Delfino Pescara 1936,Serie A,£16.09m,61,£11.97m,46,"-4,58 Mill. £",2012.0
319,57,Blackburn Rovers,Championship,£15.64m,51,£10.26m,46,"-5,98 Mill. £",2012.0
320,58,Red Bull Salzburg,Bundesliga,£14.38m,27,£1.53m,23,"-14,28 Mill. £",2012.0
321,59,Wolverhampton Wanderers,Championship,£13.80m,35,£27.43m,35,"15,15 Mill. £",2012.0
322,60,Kuban Krasnodar,Premier Liga,£13.50m,16,£16.20m,13,"3,00 Mill. £",2012.0
323,61,FK Krasnodar,Premier Liga,£13.38m,21,£8.73m,21,"-5,17 Mill. £",2012.0
324,62,SV Werder Bremen,Bundesliga,£13.25m,14,£11.79m,17,"-1,63 Mill. £",2012.0
325,63,Clube Atlético Mineiro,Série A,£13.06m,44,£1.80m,39,"-12,51 Mill. £",2012.0
326,64,Real Sociedad,LaLiga,£12.60m,9,£450k,8,"-13,50 Mill. £",2012.0
327,65,Sevilla FC,LaLiga,£12.60m,24,£10.98m,16,"-1,80 Mill. £",2012.0
328,66,Cardiff City,Championship,£11.77m,28,£1.38m,26,"-11,55 Mill. £",2012.0
329,67,Granada CF,LaLiga,£11.76m,59,£6.53m,49,"-5,82 Mill. £",2012.0
330,68,FC Porto,Liga NOS,£11.76m,31,£66.46m,26,"60,77 Mill. £",2012.0
331,69,Al-Ain FC,UAE Gulf League,£11.52m,10,-,16,"-12,80 Mill. £",2012.0
332,70,Club Brugge KV,Jupiler Pro League,£11.34m,23,£3.40m,18,"-8,82 Mill. £",2012.0
333,71,HSC Montpellier,Ligue 1,£11.25m,13,£18.00m,6,"7,50 Mill. £",2012.0
334,72,KRC Genk,Jupiler Pro League,£11.07m,22,£8.15m,19,"-3,25 Mill. £",2012.0
335,73,São Paulo Futebol Clube,Série A,£10.89m,34,£41.09m,31,"33,56 Mill. £",2012.0
336,74,Cagliari Calcio,Serie A,£10.80m,28,£2.43m,25,"-9,30 Mill. £",2012.0
337,75,FC Basel 1893,Super League,£10.58m,24,£18.27m,17,"8,55 Mill. £",2012.0
339,76,Cruzeiro Esporte Clube,Série A,£10.35m,50,£5.94m,50,"-4,90 Mill. £",2012.0
340,77,AC Siena,Serie A,£10.28m,88,£24.53m,75,"15,83 Mill. £",2012.0
341,78,Terek Grozny,Premier Liga,£10.17m,14,-,14,"-11,30 Mill. £",2012.0
342,79,Norwich City,Premier League,£9.97m,29,£342k,28,"-10,70 Mill. £",2012.0
343,80,Reading FC,Premier League,£9.74m,34,£810k,27,"-9,92 Mill. £",2012.0
344,81,Sporting CP,Liga NOS,£9.68m,43,£13.71m,38,"4,49 Mill. £",2012.0
345,82,Alania Vladikavkaz,Premier Liga,£9.54m,24,£720k,27,"-9,80 Mill. £",2012.0
346,83,Al-Ittihad Jeddah,Professional League,£9.50m,19,£270k,23,"-10,26 Mill. £",2012.0
347,84,Wigan Athletic,Premier League,£9.48m,24,£11.93m,27,"2,72 Mill. £",2012.0
348,85,Bologna FC 1909,Serie A,£9.26m,49,£16.16m,41,"7,66 Mill. £",2012.0
349,86,Fulham FC,Premier League,£9.00m,32,£28.28m,35,"21,42 Mill. £",2012.0
350,87,Al Rayyan Sports Club,Stars League,£9.00m,6,-,16,"-10,00 Mill. £",2012.0
351,88,FC Lorient,Ligue 1,£9.00m,18,£4.50m,15,"-5,00 Mill. £",2012.0
352,89,Santos FC,Série A,£8.85m,43,£8.57m,41,-305 Th. £,2012.0
353,90,Grêmio Foot-Ball Porto Alegrense,Série A,£8.60m,43,£12.15m,46,"3,94 Mill. £",2012.0
354,91,Hannover 96,Bundesliga,£8.60m,15,£2.85m,12,"-6,38 Mill. £",2012.0
355,92,Metalist Kharkiv,Premier Liga,£8.55m,25,£18.22m,18,"10,74 Mill. £",2012.0
356,93,Chievo Verona,Serie A,£8.55m,74,£11.36m,57,"3,13 Mill. £",2012.0
357,94,Calcio Catania,Serie A,£7.95m,53,£2.95m,35,"-5,55 Mill. £",2012.0
358,95,PSV Eindhoven,Eredivisie,£7.92m,17,£1.31m,13,"-7,35 Mill. £",2012.0
359,96,Olympique Lyon,Ligue 1,£7.88m,18,£27.09m,21,"21,35 Mill. £",2012.0
360,97,Stade Rennais FC,Ligue 1,£7.83m,20,£24.75m,17,"18,80 Mill. £",2012.0
361,98,Olympique Marseille,Ligue 1,£7.83m,18,£26.82m,16,"21,10 Mill. £",2012.0
362,99,Standard Liège,Jupiler Pro League,£7.73m,41,£11.16m,34,"3,81 Mill. £",2012.0
363,100,Hull City,Championship,£7.60m,39,-,37,"-8,44 Mill. £",2012.0
365,101,Al Duhail Sports Club,Stars League,£7.43m,13,-,10,"-8,25 Mill. £",2012.0
366,102,Eintracht Frankfurt,Bundesliga,£7.34m,22,£2.70m,20,"-5,15 Mill. £",2012.0
367,103,Dalian Aerbin,Super League,£7.29m,17,£540k,21,"-7,50 Mill. £",2012.0
368,104,Trabzonspor,Süper Lig,£7.25m,26,£8.55m,25,"1,44 Mill. £",2012.0
369,105,Shandong Luneng Taishan,Super League,£7.20m,13,£324k,10,"-7,65 Mill. £",2012.0
370,106,Al Gharafa Sports Club,Stars League,£7.20m,18,£4.73m,17,"-2,75 Mill. £",2012.0
371,107,FC Sochaux-Montbéliard,Ligue 1,£6.98m,15,£15.17m,11,"9,11 Mill. £",2012.0
372,108,Kasimpasa,Süper Lig,£6.87m,24,-,22,"-7,64 Mill. £",2012.0
373,109,Jeonbuk Hyundai Motors FC,K League 1,£6.14m,22,£1.44m,25,"-5,22 Mill. £",2012.0
374,110,Club Africain Tunis,Ligue I Pro,£5.86m,36,£1.28m,26,"-5,08 Mill. £",2012.0
375,111,FC Schalke 04,Bundesliga,£5.85m,23,£6.17m,23,350 Th. £,2012.0
376,112,Al-Ahli Jeddah,Professional League,£5.85m,13,-,12,"-6,50 Mill. £",2012.0
377,113,Krylya Sovetov Samara,Premier Liga,£5.85m,22,£684k,15,"-5,74 Mill. £",2012.0
378,114,Nottingham Forest,Championship,£5.53m,33,£2.70m,35,"-3,14 Mill. £",2012.0
379,115,Orduspor,Süper Lig,£5.52m,36,-,34,"-6,14 Mill. £",2012.0
380,116,OGC Nice,Ligue 1,£5.40m,21,£7.83m,17,"2,70 Mill. £",2012.0
381,117,Al-Hilal Riyadh,Professional League,£5.40m,16,£4.50m,17,"-1,00 Mill. £",2012.0
382,118,Leicester City,Championship,£5.28m,32,£3.74m,28,"-1,72 Mill. £",2012.0
383,119,SL Benfica B,Ledman Liga Pro,£5.16m,44,-,13,"-5,73 Mill. £",2012.0
384,120,Ajax Amsterdam,Eredivisie,£5.15m,19,£29.48m,18,"27,03 Mill. £",2012.0
385,121,Getafe CF,LaLiga,£5.13m,21,£4.50m,20,-700 Th. £,2012.0
386,122,Shanghai Shenhua,Super League,£5.09m,23,£3.96m,22,"-1,25 Mill. £",2012.0
387,123,FC Barcelona B,LaLiga2,£4.95m,20,-,17,"-5,50 Mill. £",2012.0
388,124,Club Atlético Vélez Sarsfield,Torneo Final,£4.86m,21,£3.51m,19,"-1,50 Mill. £",2012.0
389,125,Deportivo Guadalajara,Liga MX Clausura,£4.68m,42,-,34,"-5,20 Mill. £",2012.0
391,126,Celta de Vigo,LaLiga,£4.64m,18,-,14,"-5,15 Mill. £",2012.0
392,127,Club Atlético Boca Juniors,Torneo Final,£4.58m,42,£9.95m,29,"5,97 Mill. £",2012.0
393,128,West Bromwich Albion,Premier League,£4.50m,19,£3.35m,23,"-1,28 Mill. £",2012.0
394,129,Olympiacos Piraeus,Super League,£4.50m,38,£7.29m,28,"3,11 Mill. £",2012.0
395,130,Novara Calcio 1908,Serie B,£4.49m,55,£4.46m,50,-40 Th. £,2012.0
396,131,AZ Alkmaar,Eredivisie,£4.46m,19,£10.35m,11,"6,55 Mill. £",2012.0
397,132,Club Universidad de Chile,Torneo Transición,£4.39m,30,£15.03m,24,"11,82 Mill. £",2012.0
398,133,Genclerbirligi Ankara,Süper Lig,£4.36m,29,£2.48m,22,"-2,09 Mill. £",2012.0
399,134,Kayserispor,Süper Lig,£4.28m,16,£11.52m,20,"8,05 Mill. £",2012.0
400,135,AS Nancy-Lorraine,Ligue 1,£4.23m,29,£5.85m,24,"1,80 Mill. £",2012.0
401,136,Club Atlético River Plate,Torneo Final,£4.21m,27,£12.38m,18,"9,08 Mill. £",2012.0
402,137,Sport Club Internacional,Série A,£4.19m,43,£32.14m,37,"31,06 Mill. £",2012.0
403,138,Atlético Madrid,LaLiga,£4.05m,21,£17.42m,16,"14,85 Mill. £",2012.0
404,139,Guizhou Renhe,Super League,£4.05m,15,-,18,"-4,50 Mill. £",2012.0
405,140,Al-Jazira (Abu Dhabi),UAE Gulf League,£4.05m,5,£4.59m,14,600 Th. £,2012.0
406,141,AS Saint-Étienne,Ligue 1,£4.05m,22,£4.14m,20,100 Th. £,2012.0
407,142,Club de Regatas Vasco da Gama,Série A,£3.83m,46,£24.03m,38,"22,44 Mill. £",2012.0
408,143,RSC Anderlecht,Jupiler Pro League,£3.83m,37,£4.77m,23,"1,05 Mill. £",2012.0
409,144,Juventus Primavera,Primavera A,£3.82m,44,£2.70m,36,"-1,24 Mill. £",2012.0
410,145,Dinamo Moscow,Premier Liga,£3.78m,23,£10.80m,15,"7,80 Mill. £",2012.0
411,146,1.FSV Mainz 05,Bundesliga,£3.76m,14,£5.36m,13,"1,77 Mill. £",2012.0
412,147,Al-Nassr FC,Professional League,£3.72m,18,-,23,"-4,14 Mill. £",2012.0
413,148,GNK Dinamo Zagreb,1.HNL,£3.69m,45,£18.00m,27,"15,90 Mill. £",2012.0
414,149,Besiktas JK,Süper Lig,£3.60m,28,£306k,24,"-3,66 Mill. £",2012.0
415,150,Emirates Club,United Arab Emirates,£3.52m,7,-,17,"-3,92 Mill. £",2012.0
417,151,SpVgg Greuther Fürth,Bundesliga,£3.47m,25,£2.11m,20,"-1,51 Mill. £",2012.0
418,152,KAA Gent,Jupiler Pro League,£3.44m,31,£2.34m,30,"-1,22 Mill. £",2012.0
419,153,Guangzhou R&F,Super League,£3.41m,9,-,6,"-3,79 Mill. £",2012.0
420,154,Peterborough United,Championship,£3.41m,37,£2.03m,33,"-1,53 Mill. £",2012.0
421,155,Rosenborg BK,Eliteserien,£3.40m,14,£4.19m,11,875 Th. £,2012.0
422,156,Eskisehirspor,Süper Lig,£3.38m,20,£225k,17,"-3,50 Mill. £",2012.0
423,157,Palermo Primavera,Primavera C,£3.35m,26,£46k,26,"-3,67 Mill. £",2012.0
424,158,Istanbul Büyüksehir Belediyespor,Süper Lig,£3.34m,11,£4.16m,12,910 Th. £,2012.0
425,159,RCD Mallorca,LaLiga,£3.33m,21,£5.40m,19,"2,30 Mill. £",2012.0
426,160,Bursaspor,Süper Lig,£3.29m,31,£5.13m,24,"2,04 Mill. £",2012.0
427,161,Steaua Bukarest,Liga 1,£3.29m,17,£90k,14,"-3,55 Mill. £",2012.0
428,162,Derby County,Championship,£3.26m,24,£2.13m,22,"-1,26 Mill. £",2012.0
429,163,Valenciennes FC,Ligue 1,£3.24m,11,£3.60m,10,400 Th. £,2012.0
430,164,Monarcas Morelia,Liga MX Clausura,£3.15m,59,-,42,"-3,50 Mill. £",2012.0
431,165,Fluminense Football Club,Série A,£3.15m,33,£10.71m,28,"8,40 Mill. £",2012.0
432,166,Seattle Sounders FC,MLS,£3.15m,16,-,20,"-3,50 Mill. £",2012.0
433,167,Clube de Regatas do Flamengo,Série A,£3.15m,47,£10.76m,48,"8,46 Mill. £",2012.0
434,168,Bolton Wanderers,Championship,£3.14m,29,-,33,"-3,49 Mill. £",2012.0
435,169,Jiangsu Sainty,Super League,£3.11m,10,£315k,7,"-3,11 Mill. £",2012.0
436,170,Huddersfield Town,Championship,£3.11m,34,£9.09m,32,"6,65 Mill. £",2012.0
437,171,Vicenza Calcio,Serie B,£3.06m,60,£5.83m,51,"3,08 Mill. £",2012.0
438,172,Stade Reims,Ligue 1,£3.02m,13,-,19,"-3,35 Mill. £",2012.0
439,173,Persepolis FC,Persian Gulf Pro League,£3.02m,21,-,21,"-3,35 Mill. £",2012.0
440,174,Caykur Rizespor,1.Lig,£2.84m,26,£153k,24,"-2,98 Mill. £",2012.0
441,175,Rio Ave FC,Liga NOS,£2.80m,43,£1.08m,39,"-1,91 Mill. £",2012.0
443,176,Fortuna Düsseldorf,Bundesliga,£2.75m,26,-,22,"-3,05 Mill. £",2012.0
444,177,Celtic FC,Premiership,£2.68m,20,£6.59m,30,"4,34 Mill. £",2012.0
445,178,Esperance Tunis,Ligue I Pro,£2.64m,32,£5.14m,23,"2,78 Mill. £",2012.0
446,179,Jaguares de Chiapas,Liga MX Clausura,£2.61m,29,£8.00m,26,"5,99 Mill. £",2012.0
447,180,Bristol City,Championship,£2.61m,29,£567k,26,"-2,27 Mill. £",2012.0
448,181,Ipswich Town,Championship,£2.58m,36,-,37,"-2,87 Mill. £",2012.0
449,182,FC Augsburg,Bundesliga,£2.57m,16,£135k,20,"-2,70 Mill. £",2012.0
450,183,FC Groningen,Eredivisie,£2.55m,32,£5.66m,16,"3,46 Mill. £",2012.0
451,184,FC Copenhagen,Superligaen,£2.52m,16,£8.91m,15,"7,10 Mill. £",2012.0
452,185,FC Girondins Bordeaux,Ligue 1,£2.52m,13,£4.95m,9,"2,70 Mill. £",2012.0
453,186,1.FC Nuremberg,Bundesliga,£2.43m,18,£6.30m,16,"4,30 Mill. £",2012.0
454,187,Real Betis Balompié,LaLiga,£2.39m,19,-,19,"-2,65 Mill. £",2012.0
455,188,FC Viktoria Plzen,Fortuna Liga,£2.38m,35,£468k,24,"-2,12 Mill. £",2012.0
456,189,Kardemir D.C. Karabükspor,Süper Lig,£2.34m,19,£270k,18,"-2,30 Mill. £",2012.0
457,190,Sivasspor,Süper Lig,£2.33m,20,-,15,"-2,59 Mill. £",2012.0
458,191,Vitesse Arnhem,Eredivisie,£2.30m,11,£4.55m,15,"2,50 Mill. £",2012.0
459,192,Beijing Guoan,Super League,£2.30m,11,£333k,10,"-2,18 Mill. £",2012.0
460,193,Chelsea FC U18,England,£2.25m,19,-,13,"-2,50 Mill. £",2012.0
461,194,Athletic Bilbao,LaLiga,£2.25m,12,£36.00m,11,"37,50 Mill. £",2012.0
462,195,Macaé Esporte Futebol Clube (RJ),Brazil,£2.25m,26,-,23,"-2,50 Mill. £",2012.0
463,196,Dnipro Dnipropetrovsk,Premier Liga,£2.25m,21,-,13,"-2,50 Mill. £",2012.0
464,197,Stade Brest 29,Ligue 1,£2.21m,14,£1.35m,17,-950 Th. £,2012.0
465,198,VfB Stuttgart,Bundesliga,£2.16m,14,£8.73m,11,"7,30 Mill. £",2012.0
466,199,FC Vaslui,Liga 1,£2.14m,28,£5.63m,29,"3,87 Mill. £",2012.0
467,200,Leeds United,Championship,£2.13m,41,£4.28m,35,"2,38 Mill. £",2012.0
469,201,Burnley FC,Championship,£2.07m,26,£7.79m,25,"6,35 Mill. £",2012.0
470,202,Sociedade Esportiva Palmeiras,Série B,£2.00m,47,£4.23m,40,"2,48 Mill. £",2012.0
471,203,Amkar Perm,Premier Liga,£2.00m,15,£1.17m,11,-920 Th. £,2012.0
472,204,AC Milan Youth,Italy,£1.99m,5,-,21,"-2,21 Mill. £",2012.0
473,205,Omiya Ardija,J1 League,£1.98m,15,£1.80m,13,-200 Th. £,2012.0
474,206,Hertha BSC,2.Bundesliga,£1.98m,16,£9.09m,14,"7,90 Mill. £",2012.0
475,207,Brighton & Hove Albion,Championship,£1.96m,30,£1.36m,27,-670 Th. £,2012.0
476,208,Spezia Calcio,Serie B,£1.94m,36,-,45,"-2,15 Mill. £",2012.0
477,209,Maccabi Haifa,Ligat ha'Al,£1.90m,31,-,20,"-2,11 Mill. £",2012.0
478,210,Metalurh Donetsk,Premier Liga,£1.89m,11,-,9,"-2,10 Mill. £",2012.0
479,211,Mamelodi Sundowns FC,ABSA Premiership,£1.84m,29,£540k,20,"-1,45 Mill. £",2012.0
480,212,Hangzhou Greentown,Super League,£1.84m,17,£1.13m,17,-795 Th. £,2012.0
481,213,CF América,Liga MX Clausura,£1.80m,37,-,24,"-2,00 Mill. £",2012.0
482,214,CFR Cluj,Liga 1,£1.80m,36,£8.73m,26,"7,70 Mill. £",2012.0
483,215,SC Heerenveen,Eredivisie,£1.80m,21,£13.59m,22,"13,10 Mill. £",2012.0
484,216,1.FC Kaiserslautern,2.Bundesliga,£1.76m,29,£3.87m,23,"2,36 Mill. £",2012.0
485,217,Club Atlético Independiente,Torneo Final,£1.68m,28,£1.44m,22,-269 Th. £,2012.0
486,218,Wuhan Zall,Super League,£1.64m,16,-,18,"-1,82 Mill. £",2012.0
487,219,Milan Primavera,Primavera B,£1.64m,44,-,28,"-1,82 Mill. £",2012.0
488,220,PFK Ludogorets Razgrad,Parva Liga,£1.62m,12,-,9,"-1,80 Mill. £",2012.0
489,221,Crystal Palace,Championship,£1.55m,33,£14.75m,30,"14,67 Mill. £",2012.0
490,222,Raja Club Athletic Casablanca,Botola Pro,£1.53m,23,£450k,24,"-1,21 Mill. £",2012.0
491,223,Ajax Amsterdam U21,Beloften nacompetitie,£1.50m,23,£833k,17,-738 Th. £,2012.0
492,224,Sepahan FC,Persian Gulf Pro League,£1.44m,20,£900k,21,-600 Th. £,2012.0
493,225,FC Évian Thonon Gaillard,Ligue 1,£1.44m,9,-,13,"-1,60 Mill. £",2012.0
495,226,AFC Bournemouth,League One,£1.41m,38,£846k,32,-625 Th. £,2012.0
496,227,FC Utrecht,Eredivisie,£1.40m,12,-,12,"-1,55 Mill. £",2012.0
497,228,TP Mazembe,DR Congo,£1.40m,14,-,9,"-1,55 Mill. £",2012.0
498,229,FC Porto B,Ledman Liga Pro,£1.38m,24,-,9,"-1,53 Mill. £",2012.0
499,230,SS Lazio,Serie A,£1.38m,40,£720k,29,-730 Th. £,2012.0
500,231,Atlético Paranaense,Série A,£1.37m,53,£3.60m,40,"2,48 Mill. £",2012.0
501,232,Atlético Nacional,Liga Águila II,£1.35m,30,£3.60m,37,"2,50 Mill. £",2012.0
502,233,Real Madrid Castilla,LaLiga2,£1.35m,11,£9.90m,16,"9,50 Mill. £",2012.0
503,234,SC Freiburg,Bundesliga,£1.35m,13,£180k,12,"-1,30 Mill. £",2012.0
504,235,Borussia Dortmund U19,A-Junioren Bundesliga West,£1.35m,21,-,16,"-1,50 Mill. £",2012.0
505,236,Baniyas SC,UAE Gulf League,£1.35m,8,-,13,"-1,50 Mill. £",2012.0
506,237,AC Sparta Praha,Fortuna Liga,£1.28m,29,£405k,22,-970 Th. £,2012.0
507,238,Feyenoord Rotterdam,Eredivisie,£1.26m,21,£6.03m,17,"5,30 Mill. £",2012.0
508,239,Club Atlético San Lorenzo de Almagro,Torneo Final,£1.24m,32,£2.46m,28,"1,36 Mill. £",2012.0
509,240,Maccabi Tel Aviv,Ligat ha'Al,£1.24m,25,£1.80m,27,625 Th. £,2012.0
510,241,Sheffield Wednesday,Championship,£1.17m,41,-,38,"-1,31 Mill. £",2012.0
511,242,FC Sion,Super League,£1.17m,21,£1.13m,20,-50 Th. £,2012.0
512,243,FC Pro Vercelli 1892,Serie B,£1.17m,35,£1.89m,41,800 Th. £,2012.0
513,244,Club Atlético Tigre,Torneo Final,£1.13m,20,£1.42m,18,330 Th. £,2012.0
514,245,CF Atlante,Liga MX Clausura,£1.08m,43,-,39,"-1,20 Mill. £",2012.0
515,246,Club Atlético Lanús,Torneo Final,£1.02m,30,£4.14m,28,"3,47 Mill. £",2012.0
516,247,Club Estudiantes de La Plata,Torneo Final,£990k,18,£626k,22,-405 Th. £,2012.0
517,248,CA Peñarol,Primera División,£675k,30,£270k,23,-450 Th. £,2012.0
518,249,Racing Club,Torneo Final,£675k,24,£9.90m,24,"10,25 Mill. £",2012.0
519,250,Barcelona SC Guayaquil,Serie A Segunda Etapa,£594k,18,-,19,-660 Th. £,2012.0
521,1,Real Madrid,LaLiga,£157.95m,13,£102.15m,10,"-62,00 Mill. £",2013.0
522,2,AS Monaco,Ligue 1,£144.63m,41,£4.28m,32,"-155,95 Mill. £",2013.0
523,3,Paris Saint-Germain,Ligue 1,£122.31m,22,£23.85m,17,"-109,40 Mill. £",2013.0
524,4,Chelsea FC,Premier League,£117.32m,53,£69.69m,37,"-52,92 Mill. £",2013.0
525,5,Tottenham Hotspur,Premier League,£109.69m,32,£121.88m,30,"13,55 Mill. £",2013.0
526,6,Manchester City,Premier League,£104.40m,19,£10.17m,20,"-104,70 Mill. £",2013.0
527,7,SSC Napoli,Serie A,£96.71m,68,£66.78m,42,"-33,25 Mill. £",2013.0
528,8,FC Barcelona,LaLiga,£91.08m,13,£25.29m,7,"-73,10 Mill. £",2013.0
529,9,Manchester United,Premier League,£69.42m,29,£1.62m,27,"-75,33 Mill. £",2013.0
530,10,AS Roma,Serie A,£68.66m,66,£106.83m,52,"42,41 Mill. £",2013.0
531,11,Shakhtar Donetsk,Premier Liga,£63.90m,21,£60.75m,17,"-3,50 Mill. £",2013.0
532,12,Dinamo Moscow,Premier Liga,£61.11m,27,£17.10m,21,"-48,90 Mill. £",2013.0
533,13,Bayern Munich,Bundesliga,£55.80m,8,£36.00m,7,"-22,00 Mill. £",2013.0
534,14,FC Internazionale,Serie A,£53.90m,65,£9.86m,45,"-48,94 Mill. £",2013.0
535,15,Anzhi Makhachkala,Premier Liga,£53.46m,32,£142.07m,33,"98,45 Mill. £",2013.0
536,16,Liverpool FC,Premier League,£52.29m,27,£29.34m,28,"-25,50 Mill. £",2013.0
537,17,SL Benfica,Liga NOS,£50.17m,40,£39.87m,32,"-11,45 Mill. £",2013.0
538,18,ACF Fiorentina,Serie A,£47.97m,48,£37.04m,37,"-12,15 Mill. £",2013.0
539,19,Borussia Dortmund,Bundesliga,£47.34m,13,£42.64m,12,"-5,23 Mill. £",2013.0
540,20,VfL Wolfsburg,Bundesliga,£45.54m,33,£14.45m,30,"-34,55 Mill. £",2013.0
541,21,Arsenal FC,Premier League,£44.33m,28,£10.94m,28,"-37,10 Mill. £",2013.0
542,22,Cardiff City,Premier League,£41.23m,35,£3.37m,29,"-42,08 Mill. £",2013.0
543,23,Dynamo Kyiv,Premier Liga,£40.95m,27,£5.67m,19,"-39,20 Mill. £",2013.0
544,24,Galatasaray SK,Süper Lig,£40.35m,31,£1.62m,21,"-43,04 Mill. £",2013.0
545,25,Juventus FC,Serie A,£37.79m,67,£50.03m,46,"13,60 Mill. £",2013.0
547,26,Zenit St. Petersburg,Premier Liga,£35.82m,16,£18.45m,11,"-19,30 Mill. £",2013.0
548,27,Southampton FC,Premier League,£35.64m,22,£3.78m,25,"-35,40 Mill. £",2013.0
549,28,Olympique Marseille,Ligue 1,£35.46m,21,£945k,15,"-38,35 Mill. £",2013.0
550,29,US Sassuolo,Serie A,£33.93m,48,£4.50m,36,"-32,70 Mill. £",2013.0
551,30,Sevilla FC,LaLiga,£33.39m,37,£81.88m,33,"53,88 Mill. £",2013.0
552,31,Atlético Madrid,LaLiga,£32.40m,27,£63.54m,20,"34,60 Mill. £",2013.0
553,32,AC Milan,Serie A,£31.41m,78,£15.66m,50,"-17,50 Mill. £",2013.0
554,33,FC Porto,Liga NOS,£31.23m,26,£73.28m,18,"46,72 Mill. £",2013.0
555,34,Spartak Moscow,Premier Liga,£31.10m,25,£15.57m,20,"-17,25 Mill. £",2013.0
556,35,Sunderland AFC,Premier League,£30.52m,41,£20.14m,36,"-11,53 Mill. £",2013.0
557,36,Crystal Palace,Premier League,£29.70m,47,-,35,"-33,00 Mill. £",2013.0
558,37,Shandong Luneng Taishan,Super League,£29.50m,18,£2.54m,19,"-29,96 Mill. £",2013.0
559,38,Lokomotiv Moscow,Premier Liga,£28.80m,18,£19.80m,15,"-10,00 Mill. £",2013.0
560,39,Everton FC,Premier League,£28.62m,19,£41.49m,21,"14,30 Mill. £",2013.0
561,40,Hull City,Premier League,£27.99m,33,£792k,32,"-30,22 Mill. £",2013.0
562,41,Fenerbahce SK,Süper Lig,£27.23m,18,£4.64m,14,"-25,10 Mill. £",2013.0
563,42,Norwich City,Premier League,£27.05m,21,£4.35m,24,"-25,22 Mill. £",2013.0
564,43,Fulham FC,Premier League,£26.55m,36,£3.74m,33,"-25,35 Mill. £",2013.0
565,44,SS Lazio,Serie A,£24.12m,40,£25.61m,28,"1,65 Mill. £",2013.0
566,45,Swansea City,Premier League,£24.04m,25,-,21,"-26,71 Mill. £",2013.0
567,46,FC Schalke 04,Bundesliga,£23.45m,16,£7.29m,15,"-17,95 Mill. £",2013.0
568,47,Rubin Kazan,Premier Liga,£22.59m,27,£27.41m,18,"5,35 Mill. £",2013.0
569,48,Al-Jazira (Abu Dhabi),UAE Gulf League,£22.05m,14,-,12,"-24,50 Mill. £",2013.0
570,49,Udinese Calcio,Serie A,£21.97m,86,£42.93m,58,"23,29 Mill. £",2013.0
571,50,West Ham United,Premier League,£21.60m,23,£477k,22,"-23,47 Mill. £",2013.0
573,51,Genoa CFC,Serie A,£21.09m,92,£20.91m,74,-204 Th. £,2013.0
574,52,FK Krasnodar,Premier Liga,£20.25m,21,£5.85m,16,"-16,00 Mill. £",2013.0
575,53,Valencia CF,LaLiga,£20.22m,22,£42.39m,16,"24,63 Mill. £",2013.0
576,54,Bayer 04 Leverkusen,Bundesliga,£20.09m,23,£32.01m,18,"13,25 Mill. £",2013.0
577,55,Santos FC,Série A,£19.04m,33,£97.38m,36,"87,04 Mill. £",2013.0
578,56,Aston Villa,Premier League,£17.86m,32,£7.29m,29,"-11,74 Mill. £",2013.0
579,57,El-Jaish Sports Club,Stars League,£17.73m,10,-,16,"-19,70 Mill. £",2013.0
580,58,Metalist Kharkiv,Premier Liga,£16.65m,24,£6.30m,20,"-11,50 Mill. £",2013.0
581,59,Guangzhou Evergrande,Super League,£16.31m,26,£3.77m,24,"-13,94 Mill. £",2013.0
582,60,UC Sampdoria,Serie A,£15.71m,83,£26.24m,61,"11,70 Mill. £",2013.0
583,61,CSKA Moscow,Premier Liga,£15.03m,11,£15.48m,10,500 Th. £,2013.0
584,62,AS Saint-Étienne,Ligue 1,£14.94m,22,£38.66m,21,"26,35 Mill. £",2013.0
585,63,Villarreal CF,LaLiga,£14.40m,18,£5.85m,20,"-9,50 Mill. £",2013.0
586,64,West Bromwich Albion,Premier League,£14.13m,16,£10.26m,21,"-4,30 Mill. £",2013.0
587,65,Athletic Bilbao,LaLiga,£13.86m,17,-,11,"-15,40 Mill. £",2013.0
588,66,Beijing Guoan,Super League,£13.80m,31,£2.58m,31,"-12,47 Mill. £",2013.0
589,67,Stade Rennais FC,Ligue 1,£13.55m,27,£14.94m,25,"1,55 Mill. £",2013.0
590,68,Toronto FC,MLS,£13.23m,26,-,29,"-14,70 Mill. £",2013.0
591,69,Celtic FC,Premiership,£12.97m,22,£24.48m,20,"12,79 Mill. £",2013.0
592,70,PSV Eindhoven,Eredivisie,£12.87m,16,£40.35m,17,"30,53 Mill. £",2013.0
593,71,1.FSV Mainz 05,Bundesliga,£12.78m,16,£10.40m,14,"-2,65 Mill. £",2013.0
594,72,Besiktas JK,Süper Lig,£12.56m,29,£1.67m,23,"-12,10 Mill. £",2013.0
595,73,FC Toulouse,Ligue 1,£12.20m,16,£18.63m,12,"7,15 Mill. £",2013.0
596,74,Guangzhou R&F,Super League,£11.59m,17,-,22,"-12,88 Mill. £",2013.0
597,75,RSC Anderlecht,Jupiler Pro League,£11.58m,30,£22.64m,28,"12,28 Mill. £",2013.0
599,76,CF Pachuca,Liga MX Clausura,£11.05m,59,£9.90m,48,"-1,28 Mill. £",2013.0
600,77,Kuban Krasnodar,Premier Liga,£10.80m,14,£16.47m,16,"6,30 Mill. £",2013.0
601,78,Queens Park Rangers,Championship,£10.64m,51,£13.55m,45,"3,23 Mill. £",2013.0
602,79,US Palermo,Serie B,£10.52m,64,£19.35m,48,"9,81 Mill. £",2013.0
603,80,Atalanta BC,Serie A,£9.77m,66,£5.58m,40,"-4,65 Mill. £",2013.0
604,81,Parma FC,Serie A,£9.54m,380,£19.99m,240,"11,61 Mill. £",2013.0
605,82,Hannover 96,Bundesliga,£9.45m,19,£4.23m,20,"-5,80 Mill. £",2013.0
606,83,Sport Club Internacional,Série A,£9.23m,33,£34.12m,41,"27,66 Mill. £",2013.0
607,84,SV Werder Bremen,Bundesliga,£9.23m,14,£12.24m,13,"3,35 Mill. £",2013.0
608,85,KAA Gent,Jupiler Pro League,£9.10m,40,£4.59m,33,"-5,01 Mill. £",2013.0
609,86,Getafe CF,LaLiga,£9.00m,18,£13.05m,18,"4,50 Mill. £",2013.0
610,87,Al-Nassr FC,Professional League,£9.00m,13,-,18,"-10,00 Mill. £",2013.0
611,88,TSG 1899 Hoffenheim,Bundesliga,£8.91m,32,£3.60m,25,"-5,90 Mill. £",2013.0
612,89,Torino FC,Serie A,£8.69m,40,£19.66m,33,"12,19 Mill. £",2013.0
613,90,Olympiacos Piraeus,Super League,£8.14m,67,£30.26m,50,"24,58 Mill. £",2013.0
614,91,Al-Ain FC,UAE Gulf League,£8.10m,14,£4.82m,15,"-3,65 Mill. £",2013.0
615,92,Al Gharafa Sports Club,Stars League,£7.83m,7,£2.70m,13,"-5,70 Mill. £",2013.0
616,93,Delfino Pescara 1936,Serie B,£7.81m,60,£13.50m,55,"6,32 Mill. £",2013.0
617,94,Nottingham Forest,Championship,£7.79m,32,£3.15m,23,"-5,15 Mill. £",2013.0
618,95,Al-Ahli Jeddah,Professional League,£7.56m,17,-,16,"-8,40 Mill. £",2013.0
619,96,Calcio Catania,Serie A,£7.53m,52,£9.98m,45,"2,72 Mill. £",2013.0
620,97,Club Atlético River Plate,Torneo Final,£7.47m,31,£6.91m,28,-625 Th. £,2013.0
621,98,Hellas Verona,Serie A,£7.29m,72,£8.55m,55,"1,40 Mill. £",2013.0
622,99,Ternana Calcio,Serie B,£7.20m,20,-,27,"-8,00 Mill. £",2013.0
623,100,Borussia Mönchengladbach,Bundesliga,£7.11m,12,£2.93m,9,"-4,65 Mill. £",2013.0
625,101,Club Brugge KV,Jupiler Pro League,£7.10m,33,£9.48m,25,"2,64 Mill. £",2013.0
626,102,Eintracht Frankfurt,Bundesliga,£6.73m,16,£450k,14,"-6,98 Mill. £",2013.0
627,103,Real Betis Balompié,LaLiga,£6.71m,28,£7.72m,25,"1,13 Mill. £",2013.0
628,104,1.FC Nuremberg,Bundesliga,£6.59m,19,£6.08m,18,-570 Th. £,2013.0
629,105,VfB Stuttgart,Bundesliga,£6.48m,17,£6.48m,19,+-0,2013.0
630,106,Manchester City U18,England,£6.44m,16,-,16,"-7,15 Mill. £",2013.0
631,107,Terek Grozny,Premier Liga,£6.41m,16,£90k,15,"-7,03 Mill. £",2013.0
632,108,FC Basel 1893,Super League,£6.40m,24,£25.88m,21,"21,64 Mill. £",2013.0
633,109,Stoke City,Premier League,£6.30m,22,-,20,"-7,00 Mill. £",2013.0
634,110,SC Freiburg,Bundesliga,£6.24m,17,£10.98m,17,"5,27 Mill. £",2013.0
635,111,Deportivo Guadalajara,Liga MX Clausura,£6.12m,57,-,33,"-6,80 Mill. £",2013.0
636,112,Kasimpasa,Süper Lig,£6.12m,12,£450k,14,"-6,30 Mill. £",2013.0
637,113,Seattle Sounders FC,MLS,£6.12m,27,£1.36m,28,"-5,29 Mill. £",2013.0
638,114,Al Rayyan Sports Club,Stars League,£6.12m,12,£7.20m,13,"1,20 Mill. £",2013.0
639,115,Ajax Amsterdam,Eredivisie,£6.12m,14,£21.51m,12,"17,10 Mill. £",2013.0
640,116,Sport Club Corinthians Paulista,Série A,£6.02m,36,£17.75m,36,"13,04 Mill. £",2013.0
641,117,Spezia Calcio,Serie B,£5.98m,52,£180k,45,"-6,45 Mill. £",2013.0
642,118,Real Sociedad,LaLiga,£5.85m,11,£28.80m,8,"25,50 Mill. £",2013.0
643,119,Wigan Athletic,Championship,£5.76m,36,£21.97m,39,"18,01 Mill. £",2013.0
644,120,FC Twente Enschede,Eredivisie,£5.63m,25,£13.23m,19,"8,45 Mill. £",2013.0
645,121,Al-Hilal Riyadh,Professional League,£5.40m,17,£1.35m,18,"-4,50 Mill. £",2013.0
646,122,Sharjah Cultural Sports Club,UAE Gulf League,£5.40m,9,-,6,"-6,00 Mill. £",2013.0
647,123,Granada CF,LaLiga,£5.38m,53,£6.03m,46,721 Th. £,2013.0
648,124,Al-Nasr (Dubai),UAE Gulf League,£5.18m,13,-,18,"-5,75 Mill. £",2013.0
649,125,FC Porto B,Ledman Liga Pro,£5.05m,23,-,19,"-5,62 Mill. £",2013.0
651,126,Club Atlético San Lorenzo de Almagro,Torneo Final,£5.04m,33,£270k,30,"-5,30 Mill. £",2013.0
652,127,FC Copenhagen,Superligaen,£5.00m,17,£12.13m,17,"7,93 Mill. £",2013.0
653,128,Al Duhail Sports Club,Stars League,£4.77m,8,-,16,"-5,30 Mill. £",2013.0
654,129,Málaga CF,LaLiga,£4.71m,25,£33.89m,24,"32,42 Mill. £",2013.0
655,130,BSC Young Boys,Super League,£4.59m,20,£3.87m,15,-800 Th. £,2013.0
656,131,Al-Shabab Riyadh,Professional League,£4.55m,14,-,12,"-5,05 Mill. £",2013.0
657,132,1. FC Köln,2.Bundesliga,£4.55m,21,£4.61m,21,70 Th. £,2013.0
658,133,Celta de Vigo,LaLiga,£4.50m,20,£9.72m,23,"5,80 Mill. £",2013.0
659,134,KRC Genk,Jupiler Pro League,£4.50m,18,-,11,"-5,00 Mill. £",2013.0
660,135,Al-Wahda FC Abu Dhabi,UAE Gulf League,£4.41m,11,-,11,"-4,90 Mill. £",2013.0
661,136,CF Monterrey,Liga MX Clausura,£4.35m,35,£14.49m,19,"11,27 Mill. £",2013.0
662,137,AS Livorno,Serie A,£4.34m,48,£1.62m,44,"-3,02 Mill. £",2013.0
663,138,AZ Alkmaar,Eredivisie,£4.28m,16,£16.83m,19,"13,95 Mill. £",2013.0
664,139,Trabzonspor,Süper Lig,£4.23m,32,£4.38m,25,170 Th. £,2013.0
665,140,Baniyas SC,UAE Gulf League,£4.23m,18,-,21,"-4,70 Mill. £",2013.0
666,141,Bologna FC 1909,Serie A,£4.13m,74,£14.36m,52,"11,36 Mill. £",2013.0
667,142,AC Siena,Serie B,£4.13m,69,£9.95m,64,"6,46 Mill. £",2013.0
668,143,FC Augsburg,Bundesliga,£4.10m,18,£540k,16,"-3,95 Mill. £",2013.0
669,144,SC Braga,Liga NOS,£3.96m,42,£6.89m,36,"3,26 Mill. £",2013.0
670,145,Club Atlético Boca Juniors,Torneo Final,£3.92m,36,£4.65m,36,811 Th. £,2013.0
671,146,GNK Dinamo Zagreb,1.HNL,£3.89m,58,£14.20m,44,"11,46 Mill. £",2013.0
672,147,AFC Bournemouth,Championship,£3.65m,41,-,37,"-4,06 Mill. £",2013.0
673,148,Olympique Lyon,Ligue 1,£3.60m,16,£22.05m,9,"20,50 Mill. £",2013.0
674,149,UNAM Pumas,Liga MX Clausura,£3.51m,29,-,20,"-3,90 Mill. £",2013.0
675,150,Chievo Verona,Serie A,£3.51m,88,£4.68m,71,"1,30 Mill. £",2013.0
677,151,Club Tijuana,Liga MX Clausura,£3.42m,21,£6.84m,27,"3,80 Mill. £",2013.0
678,152,Red Bull Salzburg,Bundesliga,£3.42m,19,£495k,14,"-3,25 Mill. £",2013.0
679,153,Newcastle United,Premier League,£3.42m,18,£23.28m,19,"22,07 Mill. £",2013.0
680,154,Sporting CP,Liga NOS,£3.38m,27,£30.96m,25,"30,65 Mill. £",2013.0
681,155,CF América,Liga MX Clausura,£3.33m,49,£17.37m,32,"15,60 Mill. £",2013.0
682,156,Club Atlético Lanús,Torneo Final,£3.20m,27,£4.14m,23,"1,05 Mill. £",2013.0
683,157,FC Girondins Bordeaux,Ligue 1,£3.15m,14,£9.90m,12,"7,50 Mill. £",2013.0
684,158,Tianjin Teda,Super League,£3.11m,16,-,17,"-3,45 Mill. £",2013.0
685,159,Steaua Bukarest,Liga 1,£3.02m,19,£11.70m,16,"9,65 Mill. £",2013.0
686,160,FC Nantes,Ligue 1,£3.02m,12,£450k,12,"-2,85 Mill. £",2013.0
687,161,Sivasspor,Süper Lig,£2.96m,36,£720k,32,"-2,49 Mill. £",2013.0
688,162,Manchester United U23,Premier League 2,£2.91m,24,-,21,"-3,23 Mill. £",2013.0
689,163,Huddersfield Town,Championship,£2.86m,32,£2.12m,36,-830 Th. £,2013.0
690,164,FC Sochaux-Montbéliard,Ligue 1,£2.84m,20,£2.25m,19,-650 Th. £,2013.0
691,165,Stade Reims,Ligue 1,£2.82m,15,-,9,"-3,13 Mill. £",2013.0
692,166,RB Leipzig,3.Liga,£2.82m,13,-,13,"-3,13 Mill. £",2013.0
693,167,Clube de Regatas do Flamengo,Série A,£2.80m,39,-,35,"-3,12 Mill. £",2013.0
694,168,Peterborough United,League One,£2.80m,30,£4.87m,29,"2,31 Mill. £",2013.0
695,169,CA Osasuna,LaLiga,£2.79m,15,£3.60m,16,900 Th. £,2013.0
696,170,Bröndby IF,Superligaen,£2.77m,24,£90k,18,"-2,98 Mill. £",2013.0
697,171,Tigres UANL,Liga MX Clausura,£2.70m,39,£1.35m,28,"-1,50 Mill. £",2013.0
698,172,FC Lorient,Ligue 1,£2.70m,20,£10.88m,17,"9,09 Mill. £",2013.0
699,173,Feyenoord Rotterdam,Eredivisie,£2.70m,17,-,13,"-3,00 Mill. £",2013.0
700,174,Henan Jianye,Super League,£2.66m,14,-,13,"-2,96 Mill. £",2013.0
701,175,LOSC Lille,Ligue 1,£2.66m,19,£37.80m,13,"39,05 Mill. £",2013.0
703,176,Standard Liège,Jupiler Pro League,£2.57m,44,£1.40m,28,"-1,30 Mill. £",2013.0
704,177,Juventus Primavera,Primavera A,£2.52m,46,£6.05m,42,"3,92 Mill. £",2013.0
705,178,PAOK Thessaloniki,Super League,£2.52m,52,£90k,37,"-2,70 Mill. £",2013.0
706,179,Bursaspor,Süper Lig,£2.49m,34,£4.09m,28,"1,78 Mill. £",2013.0
707,180,Caykur Rizespor,Süper Lig,£2.48m,43,-,30,"-2,75 Mill. £",2013.0
708,181,FK Rostov,Premier Liga,£2.48m,20,£3.87m,24,"1,55 Mill. £",2013.0
709,182,Jiangsu Sainty,Super League,£2.39m,16,-,20,"-2,65 Mill. £",2013.0
710,183,Molde FK,Eliteserien,£2.36m,17,£3.78m,18,"1,58 Mill. £",2013.0
711,184,FC Évian Thonon Gaillard,Ligue 1,£2.34m,18,£7.65m,21,"5,90 Mill. £",2013.0
712,185,Querétaro FC,Liga MX Clausura,£2.34m,64,£720k,66,"-1,80 Mill. £",2013.0
713,186,Genclerbirligi Ankara,Süper Lig,£2.27m,32,£2.61m,23,375 Th. £,2013.0
714,187,Inter Milan Primavera,Primavera B,£2.27m,72,£1.58m,41,-770 Th. £,2013.0
715,188,Sociedade Esportiva Palmeiras,Série A,£2.25m,48,£3.60m,50,"1,50 Mill. £",2013.0
716,189,HSC Montpellier,Ligue 1,£2.25m,13,£13.05m,16,"12,00 Mill. £",2013.0
717,190,Esperance Tunis,Ligue I Pro,£2.22m,27,£442k,21,"-1,97 Mill. £",2013.0
718,191,Shanghai Greenland,Super League,£2.16m,21,£6.48m,17,"4,80 Mill. £",2013.0
719,192,Roma Primavera,Primavera C,£2.15m,29,-,24,"-2,39 Mill. £",2013.0
720,193,Middlesbrough FC,Championship,£2.15m,37,£323k,38,"-2,03 Mill. £",2013.0
721,194,Fortuna Düsseldorf,2.Bundesliga,£2.12m,18,£2.74m,19,695 Th. £,2013.0
722,195,Hamburger SV,Bundesliga,£2.12m,16,£10.13m,14,"8,90 Mill. £",2013.0
723,196,Liverpool FC U18,England,£2.07m,3,-,13,"-2,30 Mill. £",2013.0
724,197,Club Estudiantes de La Plata,Torneo Final,£2.05m,22,£6.93m,24,"5,43 Mill. £",2013.0
725,198,Blackburn Rovers,Championship,£2.04m,53,£4.89m,50,"3,16 Mill. £",2013.0
726,199,FC Sion,Super League,£2.03m,36,£4.14m,33,"2,35 Mill. £",2013.0
727,200,Esteghlal FC,Persian Gulf Pro League,£2.03m,18,£990k,19,"-1,15 Mill. £",2013.0
729,201,FAR Rabat,Botola Pro,£1.95m,22,£405k,17,"-1,71 Mill. £",2013.0
730,202,SL Benfica B,Ledman Liga Pro,£1.94m,29,£900k,30,"-1,15 Mill. £",2013.0
731,203,Bolton Wanderers,Championship,£1.92m,36,-,36,"-2,13 Mill. £",2013.0
732,204,Fluminense Football Club,Série A,£1.91m,39,£13.50m,37,"12,88 Mill. £",2013.0
733,205,Reading FC,Championship,£1.80m,22,£4.62m,28,"3,13 Mill. £",2013.0
734,206,Al-Wakrah Sports Club,Stars League,£1.80m,13,-,9,"-2,00 Mill. £",2013.0
735,207,Kayserispor,Süper Lig,£1.80m,18,£2.93m,20,"1,25 Mill. £",2013.0
736,208,FC Barcelona B,LaLiga2,£1.80m,24,£5.18m,20,"3,75 Mill. £",2013.0
737,209,Cesena Primavera,Primavera A,£1.80m,32,£900,29,"-2,00 Mill. £",2013.0
738,210,Maccabi Haifa,Ligat ha'Al,£1.80m,21,-,18,"-2,00 Mill. £",2013.0
739,211,SS Virtus Lanciano,Serie B,£1.80m,31,-,32,"-2,00 Mill. £",2013.0
740,212,1.FC Kaiserslautern,2.Bundesliga,£1.76m,22,£450k,21,"-1,45 Mill. £",2013.0
741,213,Botev Plovdiv,A Grupa - Championship gr.,£1.71m,21,£2.52m,18,900 Th. £,2013.0
742,214,PFK Ludogorets Razgrad,A Grupa - Championship gr.,£1.71m,9,-,8,"-1,90 Mill. £",2013.0
743,215,SC Heerenveen,Eredivisie,£1.71m,21,£10.80m,21,"10,10 Mill. £",2013.0
744,216,Johor Darul Ta'zim FC,Malaysia,£1.67m,19,-,14,"-1,85 Mill. £",2013.0
745,217,Wolverhampton Wanderers,League One,£1.66m,34,£5.49m,36,"4,26 Mill. £",2013.0
746,218,Kayseri Erciyesspor,Süper Lig,£1.64m,51,-,47,"-1,83 Mill. £",2013.0
747,219,Ascoli Calcio 1898,Serie C - B,£1.64m,56,£1.44m,52,-219 Th. £,2013.0
748,220,Eintracht Braunschweig,Bundesliga,£1.62m,12,-,11,"-1,80 Mill. £",2013.0
749,221,Cagliari Calcio,Serie A,£1.62m,25,£6.57m,25,"5,50 Mill. £",2013.0
750,222,Guizhou Renhe,Super League,£1.62m,21,-,19,"-1,80 Mill. £",2013.0
751,223,SC Bastia,Ligue 1,£1.62m,19,£1.98m,25,400 Th. £,2013.0
752,224,Coimbra Esporte Clube Ltda (MG),Brazil,£1.60m,22,£1.20m,20,-446 Th. £,2013.0
753,225,HNK Rijeka,1.HNL,£1.59m,47,£1.31m,29,-320 Th. £,2013.0
755,226,Club León FC,Liga MX Clausura,£1.58m,22,-,23,"-1,75 Mill. £",2013.0
756,227,KSC Lokeren,Jupiler Pro League,£1.56m,14,£1.44m,12,-135 Th. £,2013.0
757,228,CSD Colo Colo,Primera División,£1.51m,27,£3.60m,27,"2,32 Mill. £",2013.0
758,229,Chiapas FC,Liga MX Clausura,£1.51m,73,-,65,"-1,68 Mill. £",2013.0
759,230,Konyaspor,Süper Lig,£1.50m,33,£15k,27,"-1,65 Mill. £",2013.0
760,231,Derby County,Championship,£1.49m,40,£2.41m,35,"1,02 Mill. £",2013.0
761,232,Shanghai East Asia,Super League,£1.47m,13,£864k,9,-675 Th. £,2013.0
762,233,Legia Warszawa,Ekstraklasa,£1.47m,30,£4.79m,25,"3,69 Mill. £",2013.0
763,234,Maccabi Tel Aviv,Ligat ha'Al,£1.46m,27,£2.08m,25,690 Th. £,2013.0
764,235,AC Sparta Praha,Fortuna Liga,£1.42m,30,£3.69m,24,"2,52 Mill. £",2013.0
765,236,CFR Cluj,Liga 1,£1.39m,40,£270k,36,"-1,24 Mill. £",2013.0
766,237,Dalian Aerbin,Super League,£1.35m,24,£3.35m,16,"2,22 Mill. £",2013.0
767,238,Atalanta Primavera,Primavera B,£1.35m,34,£2.07m,26,802 Th. £,2013.0
768,239,Amkar Perm,Premier Liga,£1.35m,17,£54k,21,"-1,44 Mill. £",2013.0
769,240,RC Lens,Ligue 2,£1.35m,15,£1.58m,15,250 Th. £,2013.0
770,241,CD Nacional,Liga NOS,£1.26m,26,-,21,"-1,40 Mill. £",2013.0
771,242,Al-Wasl Sports Club,UAE Gulf League,£1.23m,16,-,20,"-1,37 Mill. £",2013.0
772,243,Changchun Yatai,Super League,£1.22m,13,£2.03m,19,906 Th. £,2013.0
773,244,FC Viktoria Plzen,Fortuna Liga,£1.22m,33,£3.74m,25,"2,80 Mill. £",2013.0
774,245,KV Oostende,Jupiler Pro League,£1.21m,20,-,20,"-1,34 Mill. £",2013.0
775,246,FK Qabala,Premyer Liqasi,£1.20m,20,-,21,"-1,33 Mill. £",2013.0
776,247,Rosenborg BK,Eliteserien,£1.17m,9,£2.70m,9,"1,70 Mill. £",2013.0
777,248,Hertha BSC,Bundesliga,£1.17m,13,£315k,15,-950 Th. £,2013.0
778,249,Santos Laguna,Liga MX Clausura,£900k,27,£2.07m,22,"1,30 Mill. £",2013.0
779,250,CD Cruz Azul,Liga MX Clausura,£630k,25,£6.30m,20,"6,30 Mill. £",2013.0
781,1,Manchester United,Premier League,£175.82m,32,£44.36m,32,"-146,06 Mill. £",2014.0
782,2,FC Barcelona,LaLiga,£150.05m,16,£73.62m,15,"-84,92 Mill. £",2014.0
783,3,Liverpool FC,Premier League,£136.29m,32,£89.34m,25,"-52,16 Mill. £",2014.0
784,4,Chelsea FC,Premier League,£123.93m,57,£130.37m,49,"7,15 Mill. £",2014.0
785,5,Real Madrid,LaLiga,£120.15m,10,£101.43m,9,"-20,80 Mill. £",2014.0
786,6,Arsenal FC,Premier League,£107.08m,22,£25.02m,23,"-91,18 Mill. £",2014.0
787,7,Atlético Madrid,LaLiga,£107.06m,32,£80.37m,26,"-29,65 Mill. £",2014.0
788,8,AS Roma,Serie A,£91.04m,70,£37.89m,49,"-59,06 Mill. £",2014.0
789,9,Southampton FC,Premier League,£86.44m,27,£111.45m,27,"27,79 Mill. £",2014.0
790,10,Manchester City,Premier League,£79.47m,22,£27.56m,20,"-57,68 Mill. £",2014.0
791,11,Borussia Dortmund,Bundesliga,£58.68m,12,£4.32m,8,"-60,40 Mill. £",2014.0
792,12,Juventus FC,Serie A,£52.69m,108,£29.17m,66,"-26,14 Mill. £",2014.0
793,13,FC Porto,Liga NOS,£48.33m,44,£80.06m,29,"35,26 Mill. £",2014.0
794,14,Bayern Munich,Bundesliga,£48.06m,13,£43.83m,10,"-4,70 Mill. £",2014.0
795,15,Valencia CF,LaLiga,£47.97m,28,£49.91m,31,"2,15 Mill. £",2014.0
796,16,Paris Saint-Germain,Ligue 1,£44.55m,11,£1.98m,9,"-47,30 Mill. £",2014.0
797,17,Tottenham Hotspur,Premier League,£43.62m,25,£39.74m,27,"-4,32 Mill. £",2014.0
798,18,Hull City,Premier League,£43.41m,32,£16.83m,29,"-29,53 Mill. £",2014.0
799,19,Guangzhou Evergrande Taobao,Super League,£40.68m,31,£5.31m,33,"-39,30 Mill. £",2014.0
800,20,VfL Wolfsburg,Bundesliga,£40.55m,18,£5.63m,13,"-38,80 Mill. £",2014.0
801,21,Newcastle United,Premier League,£40.52m,32,£21.25m,29,"-21,41 Mill. £",2014.0
802,22,Queens Park Rangers,Premier League,£39.18m,36,£23.44m,39,"-17,50 Mill. £",2014.0
803,23,Swansea City,Premier League,£37.38m,28,£55.70m,30,"20,36 Mill. £",2014.0
804,24,Everton FC,Premier League,£36.14m,19,£1.71m,17,"-38,26 Mill. £",2014.0
805,25,AS Monaco,Ligue 1,£35.78m,36,£80.21m,32,"49,37 Mill. £",2014.0
807,26,SL Benfica,Liga NOS,£34.79m,49,£94.19m,34,"66,00 Mill. £",2014.0
808,27,Al Arabi Sports Club,Stars League,£33.75m,14,£734k,13,"-36,69 Mill. £",2014.0
809,28,Bayer 04 Leverkusen,Bundesliga,£33.35m,29,£16.52m,26,"-18,71 Mill. £",2014.0
810,29,Hamburger SV,Bundesliga,£32.22m,24,£20.84m,21,"-12,65 Mill. £",2014.0
811,30,Trabzonspor,Süper Lig,£31.92m,52,£11.33m,39,"-22,88 Mill. £",2014.0
812,31,West Ham United,Premier League,£31.64m,26,£3.96m,27,"-30,75 Mill. £",2014.0
813,32,SSC Napoli,Serie A,£31.32m,55,£18.41m,39,"-14,35 Mill. £",2014.0
814,33,Olympique Marseille,Ligue 1,£30.74m,20,£15.75m,17,"-16,65 Mill. £",2014.0
815,34,Crystal Palace,Premier League,£28.15m,43,£2.58m,43,"-28,41 Mill. £",2014.0
816,35,Al-Ahli Dubai Club,UAE Gulf League,£27.72m,8,-,15,"-30,80 Mill. £",2014.0
817,36,Torino FC,Serie A,£27.18m,59,£31.37m,43,"4,66 Mill. £",2014.0
818,37,Udinese Calcio,Serie A,£26.28m,89,£22.86m,61,"-3,80 Mill. £",2014.0
819,38,Olympiacos Piraeus,Super League,£23.29m,76,£25.65m,59,"2,62 Mill. £",2014.0
820,39,West Bromwich Albion,Premier League,£22.39m,18,£2.07m,20,"-22,58 Mill. £",2014.0
821,40,UC Sampdoria,Serie A,£21.83m,86,£24.54m,62,"3,02 Mill. £",2014.0
822,41,RB Leipzig,2.Bundesliga,£21.02m,30,-,19,"-23,35 Mill. £",2014.0
823,42,Leicester City,Premier League,£20.57m,31,-,25,"-22,86 Mill. £",2014.0
824,43,CF América,Liga MX Clausura,£20.52m,45,£11.07m,42,"-10,50 Mill. £",2014.0
825,44,Zenit St. Petersburg,Premier Liga,£20.52m,11,£900k,8,"-21,80 Mill. £",2014.0
826,45,Sunderland AFC,Premier League,£20.35m,24,£6.53m,33,"-15,37 Mill. £",2014.0
827,46,Hellas Verona,Serie A,£20.03m,81,£27.23m,69,"7,99 Mill. £",2014.0
828,47,CF Monterrey,Liga MX Clausura,£19.28m,33,£5.04m,27,"-15,82 Mill. £",2014.0
829,48,Sevilla FC,LaLiga,£18.86m,31,£45.50m,24,"29,60 Mill. £",2014.0
830,49,AC Milan,Serie A,£18.54m,90,£24.93m,64,"7,10 Mill. £",2014.0
831,50,Norwich City,Championship,£18.32m,28,£17.44m,27,-973 Th. £,2014.0
833,51,Cagliari Calcio,Serie A,£18.18m,45,£19.73m,35,"1,73 Mill. £",2014.0
834,52,US Palermo,Serie A,£17.73m,58,£16.65m,45,"-1,20 Mill. £",2014.0
835,53,Shanghai Greenland Shenhua,Super League,£17.31m,17,£1.31m,18,"-17,79 Mill. £",2014.0
836,54,TSG 1899 Hoffenheim,Bundesliga,£17.28m,29,£12.98m,26,"-4,78 Mill. £",2014.0
837,55,Club Atlético Boca Juniors,Primera División,£17.01m,39,£9.86m,35,"-7,96 Mill. £",2014.0
838,56,Al-Jazira (Abu Dhabi),UAE Gulf League,£16.92m,8,£5.85m,11,"-12,30 Mill. £",2014.0
839,57,Cardiff City,Championship,£16.90m,42,£28.58m,38,"12,98 Mill. £",2014.0
840,58,Villarreal CF,LaLiga,£16.83m,21,£20.25m,18,"3,80 Mill. £",2014.0
841,59,Dinamo Moscow,Premier Liga,£16.65m,16,£720k,19,"-17,70 Mill. £",2014.0
842,60,Deportivo Guadalajara,Liga MX Clausura,£16.38m,42,-,30,"-18,20 Mill. £",2014.0
843,61,SC Braga,Liga NOS,£16.11m,36,£45k,28,"-17,85 Mill. £",2014.0
844,62,US Sassuolo,Serie A,£16.02m,38,£11.34m,35,"-5,20 Mill. £",2014.0
845,63,Fulham FC,Championship,£15.69m,44,£16.11m,42,470 Th. £,2014.0
846,64,Inter Milan,Serie A,£15.26m,88,£21.15m,58,"6,55 Mill. £",2014.0
847,65,Shanghai SIPG,Super League,£14.50m,11,£225k,10,"-15,87 Mill. £",2014.0
848,66,Cruzeiro Esporte Clube,Série A,£14.42m,46,£52.74m,36,"42,58 Mill. £",2014.0
849,67,Sociedade Esportiva Palmeiras,Série A,£14.11m,60,£1.80m,55,"-13,68 Mill. £",2014.0
850,68,Stade Rennais FC,Ligue 1,£13.62m,30,£18.45m,21,"5,37 Mill. £",2014.0
851,69,Parma FC,Serie A,£13.56m,309,£16.02m,217,"2,73 Mill. £",2014.0
852,70,Hertha BSC,Bundesliga,£13.05m,16,£17.51m,12,"4,95 Mill. £",2014.0
853,71,Besiktas JK,Süper Lig,£13.01m,31,£1.20m,27,"-13,12 Mill. £",2014.0
854,72,SC Freiburg,Bundesliga,£12.99m,18,£16.74m,19,"4,17 Mill. £",2014.0
855,73,Sport Club Internacional,Série A,£12.69m,34,£3.78m,29,"-9,90 Mill. £",2014.0
856,74,Wigan Athletic,Championship,£12.65m,32,£16.57m,39,"4,36 Mill. £",2014.0
857,75,Galatasaray SK,Süper Lig,£12.60m,30,£2.17m,25,"-11,59 Mill. £",2014.0
859,76,FC Basel 1893,Super League,£12.42m,26,£15.53m,19,"3,45 Mill. £",2014.0
860,77,Lokomotiv Moscow,Premier Liga,£12.33m,11,£3.57m,8,"-9,74 Mill. £",2014.0
861,78,Aston Villa,Premier League,£12.11m,34,£1.18m,33,"-12,14 Mill. £",2014.0
862,79,São Paulo Futebol Clube,Série A,£11.84m,38,£8.82m,36,"-3,35 Mill. £",2014.0
863,80,Ajax Amsterdam,Eredivisie,£11.52m,20,£25.97m,18,"16,05 Mill. £",2014.0
864,81,Borussia Mönchengladbach,Bundesliga,£11.48m,12,£16.11m,11,"5,15 Mill. £",2014.0
865,82,SS Lazio,Serie A,£11.48m,50,£135k,35,"-12,60 Mill. £",2014.0
866,83,Burnley FC,Premier League,£11.36m,24,-,23,"-12,62 Mill. £",2014.0
867,84,Cesena Primavera,Primavera B,£11.29m,36,£2.25m,33,"-10,04 Mill. £",2014.0
868,85,El-Jaish Sports Club,Stars League,£11.25m,13,-,9,"-12,50 Mill. £",2014.0
869,86,FC Augsburg,Bundesliga,£11.21m,16,£6.21m,16,"-5,55 Mill. £",2014.0
870,87,Real Sociedad,LaLiga,£10.80m,20,£40.68m,14,"33,20 Mill. £",2014.0
871,88,Shakhtar Donetsk,Premier Liga,£10.80m,22,£3.42m,18,"-8,20 Mill. £",2014.0
872,89,Standard Liège,Jupiler Pro League,£10.36m,54,£32.99m,38,"25,14 Mill. £",2014.0
873,90,Spartak Moscow,Premier Liga,£10.35m,23,£13.14m,16,"3,10 Mill. £",2014.0
874,91,Atalanta BC,Serie A,£10.01m,92,£18.18m,60,"9,08 Mill. £",2014.0
875,92,Middlesbrough FC,Championship,£10.00m,38,£5.53m,44,"-4,97 Mill. £",2014.0
876,93,Sporting CP,Liga NOS,£9.89m,25,£28.17m,19,"20,32 Mill. £",2014.0
877,94,VfB Stuttgart,Bundesliga,£9.72m,16,£675k,13,"-10,05 Mill. £",2014.0
878,95,Hannover 96,Bundesliga,£9.72m,23,£3.15m,18,"-7,30 Mill. £",2014.0
879,96,Guangzhou R&F,Super League,£9.69m,14,-,15,"-10,77 Mill. £",2014.0
880,97,Jiangsu Guoxin Sainty,Super League,£9.68m,17,£3.96m,22,"-6,35 Mill. £",2014.0
881,98,Club Atlético Independiente,Primera División,£9.28m,33,£45k,32,"-10,27 Mill. £",2014.0
882,99,Beijing Guoan,Super League,£9.23m,11,£2.52m,19,"-7,45 Mill. £",2014.0
883,100,RSC Anderlecht,Jupiler Pro League,£9.18m,23,£14.04m,19,"5,40 Mill. £",2014.0
885,101,Nottingham Forest,Championship,£9.17m,34,£9.00m,37,-190 Th. £,2014.0
886,102,Al-Nassr FC,Professional League,£9.14m,17,-,20,"-10,15 Mill. £",2014.0
887,103,Dynamo Kyiv,Premier Liga,£9.00m,24,£21.72m,18,"14,13 Mill. £",2014.0
888,104,AC Cesena,Serie A,£8.87m,78,£11.75m,65,"3,20 Mill. £",2014.0
889,105,1.FSV Mainz 05,Bundesliga,£8.21m,24,£5.94m,20,"-2,52 Mill. £",2014.0
890,106,Leeds United,Championship,£8.20m,25,£11.55m,34,"3,72 Mill. £",2014.0
891,107,ACF Fiorentina,Serie A,£8.19m,55,£34.20m,42,"28,90 Mill. £",2014.0
892,108,GNK Dinamo Zagreb,1.HNL,£8.15m,54,£8.94m,43,880 Th. £,2014.0
893,109,Watford FC,Championship,£8.10m,37,£495k,37,"-8,45 Mill. £",2014.0
894,110,Feyenoord Rotterdam,Eredivisie,£7.83m,23,£28.53m,18,"23,00 Mill. £",2014.0
895,111,Bologna FC 1909,Serie B,£7.82m,73,£11.84m,63,"4,46 Mill. £",2014.0
896,112,Santos Laguna,Liga MX Clausura,£7.79m,31,£12.60m,24,"5,35 Mill. £",2014.0
897,113,Chievo Verona,Serie A,£7.74m,116,£4.49m,85,"-3,61 Mill. £",2014.0
898,114,FC Lorient,Ligue 1,£7.61m,21,£17.28m,22,"10,75 Mill. £",2014.0
899,115,Grêmio Foot-Ball Porto Alegrense,Série A,£7.59m,59,£10.46m,66,"3,19 Mill. £",2014.0
900,116,1. FC Köln,Bundesliga,£7.56m,16,£90k,16,"-8,30 Mill. £",2014.0
901,117,Granada CF,LaLiga,£7.24m,55,£18.90m,45,"12,96 Mill. £",2014.0
902,118,Rubin Kazan,Premier Liga,£7.20m,27,£18.05m,27,"12,05 Mill. £",2014.0
903,119,LOSC Lille,Ligue 1,£7.02m,17,£17.78m,13,"11,96 Mill. £",2014.0
904,120,FC Copenhagen,Superligaen,£6.93m,25,£3.92m,19,"-3,35 Mill. £",2014.0
905,121,FC Girondins Bordeaux,Ligue 1,£6.93m,22,£4.05m,15,"-3,20 Mill. £",2014.0
906,122,KRC Genk,Jupiler Pro League,£6.91m,28,£7.97m,19,"1,17 Mill. £",2014.0
907,123,Bröndby IF,Superligaen,£6.86m,20,£2.07m,19,"-5,32 Mill. £",2014.0
908,124,Genoa CFC,Serie A,£6.71m,82,£22.46m,68,"17,50 Mill. £",2014.0
909,125,Red Bull Salzburg,Bundesliga,£6.57m,23,£42.57m,23,"40,00 Mill. £",2014.0
911,126,Clube Atlético Mineiro,Série A,£6.39m,28,£6.59m,31,222 Th. £,2014.0
912,127,SV Werder Bremen,Bundesliga,£5.90m,23,£3.02m,20,"-3,20 Mill. £",2014.0
913,128,CSKA Moscow,Premier Liga,£5.88m,12,£17.55m,12,"12,97 Mill. £",2014.0
914,129,Eintracht Frankfurt,Bundesliga,£5.85m,17,£5.33m,20,-575 Th. £,2014.0
915,130,Calcio Catania,Serie B,£5.67m,58,£22.47m,51,"18,67 Mill. £",2014.0
916,131,Club Brugge KV,Jupiler Pro League,£5.59m,31,£11.27m,29,"6,31 Mill. £",2014.0
917,132,Al-Ahli Jeddah,Professional League,£5.57m,22,£720k,22,"-5,39 Mill. £",2014.0
918,133,Club Atlético River Plate,Primera División,£5.45m,24,£7.79m,19,"2,60 Mill. £",2014.0
919,134,Al Sadd Sports Club,Stars League,£5.31m,7,-,9,"-5,90 Mill. £",2014.0
920,135,Tianjin Teda,Super League,£5.23m,19,-,22,"-5,82 Mill. £",2014.0
921,136,Hebei Zhongji,League One,£5.09m,13,-,12,"-5,65 Mill. £",2014.0
922,137,Atlas Guadalajara,Liga MX Clausura,£5.06m,51,-,49,"-5,62 Mill. £",2014.0
923,138,FC Twente Enschede,Eredivisie,£5.04m,20,£23.05m,18,"20,01 Mill. £",2014.0
924,139,Brentford FC,Championship,£5.04m,32,£3.42m,31,"-1,80 Mill. £",2014.0
925,140,Club León FC,Liga MX Clausura,£5.00m,25,£900k,22,"-4,55 Mill. £",2014.0
926,141,Tigres UANL,Liga MX Clausura,£4.95m,43,£5.54m,33,650 Th. £,2014.0
927,142,Shandong Luneng Taishan,Super League,£4.95m,9,£3.78m,14,"-1,30 Mill. £",2014.0
928,143,PSV Eindhoven,Eredivisie,£4.95m,11,£4.32m,13,-705 Th. £,2014.0
929,144,Changchun Yatai,Super League,£4.92m,24,£887k,22,"-4,49 Mill. £",2014.0
930,145,Clube de Regatas do Flamengo,Série A,£4.89m,41,£5.00m,45,130 Th. £,2014.0
931,146,Club Atlético Lanús,Primera División,£4.84m,30,£8.42m,29,"3,97 Mill. £",2014.0
932,147,Henan Jianye,Super League,£4.83m,18,£2.75m,23,"-2,32 Mill. £",2014.0
933,148,Sporting CP B,Ledman Liga Pro,£4.82m,36,-,25,"-5,35 Mill. £",2014.0
934,149,Kasimpasa,Süper Lig,£4.63m,10,-,13,"-5,14 Mill. £",2014.0
935,150,Real Madrid Castilla,2ª B - Grupo II,£4.59m,23,-,21,"-5,10 Mill. £",2014.0
937,151,FC Barcelona B,LaLiga2,£4.52m,21,£702k,13,"-4,25 Mill. £",2014.0
938,152,Al Duhail Sports Club,Stars League,£4.50m,8,-,7,"-5,00 Mill. £",2014.0
939,153,Chiapas FC,Liga MX Clausura,£4.46m,49,£3.89m,54,-625 Th. £,2014.0
940,154,CF Pachuca,Liga MX Clausura,£4.46m,46,£15.08m,37,"11,80 Mill. £",2014.0
941,155,AFC Bournemouth,Championship,£4.34m,27,£3.33m,27,"-1,12 Mill. £",2014.0
942,156,Racing Club,Primera División,£4.09m,24,£16.79m,28,"14,10 Mill. £",2014.0
943,157,FC Schalke 04,Bundesliga,£3.96m,16,£7.74m,13,"4,20 Mill. £",2014.0
944,158,Club Atlético San Lorenzo de Almagro,Primera División,£3.92m,30,£8.16m,28,"4,72 Mill. £",2014.0
945,159,KAA Gent,Jupiler Pro League,£3.92m,33,£2.97m,26,"-1,05 Mill. £",2014.0
946,160,FC Groningen,Eredivisie,£3.91m,16,£8.84m,14,"5,48 Mill. £",2014.0
947,161,Sport Club Corinthians Paulista,Série A,£3.91m,48,£22.07m,45,"20,18 Mill. £",2014.0
948,162,Juventus Primavera,Primavera A,£3.70m,66,£4.68m,53,"1,09 Mill. £",2014.0
949,163,FK Krasnodar,Premier Liga,£3.60m,16,£315k,19,"-3,65 Mill. £",2014.0
950,164,HSC Montpellier,Ligue 1,£3.60m,17,£14.31m,14,"11,90 Mill. £",2014.0
951,165,AS Saint-Étienne,Ligue 1,£3.60m,10,-,13,"-4,00 Mill. £",2014.0
952,166,Club Estudiantes de La Plata,Primera División,£3.51m,33,£13.06m,27,"10,61 Mill. £",2014.0
953,167,1.FC Nuremberg,2.Bundesliga,£3.51m,26,£16.29m,26,"14,20 Mill. £",2014.0
954,168,SL Benfica B,Ledman Liga Pro,£3.51m,37,-,32,"-3,90 Mill. £",2014.0
955,169,Wolverhampton Wanderers,Championship,£3.47m,33,£1.65m,35,"-2,02 Mill. £",2014.0
956,170,CD Leones Negros de la UdeG,Liga MX Clausura,£3.42m,23,-,41,"-3,80 Mill. £",2014.0
957,171,Brighton & Hove Albion,Championship,£3.42m,34,£11.89m,35,"9,42 Mill. £",2014.0
958,172,Celta de Vigo,LaLiga,£3.42m,14,£1.35m,11,"-2,30 Mill. £",2014.0
959,173,Charlton Athletic,Championship,£3.42m,50,-,47,"-3,80 Mill. £",2014.0
960,174,Kardemir Karabükspor,Süper Lig,£3.42m,22,£2.25m,22,"-1,30 Mill. £",2014.0
961,175,Deportivo Toluca,Liga MX Clausura,£3.29m,39,£4.95m,33,"1,85 Mill. £",2014.0
963,176,Club Atlético Newell's Old Boys,Primera División,£3.24m,20,£1.98m,19,"-1,41 Mill. £",2014.0
964,177,FC Metz,Ligue 1,£3.24m,26,£4.86m,20,"1,80 Mill. £",2014.0
965,178,Villarreal CF B,2ª B - Grupo III,£3.15m,20,-,22,"-3,50 Mill. £",2014.0
966,179,Real Betis Balompié,LaLiga2,£3.15m,23,£1.26m,26,"-2,10 Mill. £",2014.0
967,180,Club Deportivo Maldonado,Segunda División,£3.15m,40,-,28,"-3,50 Mill. £",2014.0
968,181,Austria Vienna,Bundesliga,£3.08m,25,£8.33m,20,"5,83 Mill. £",2014.0
969,182,Olympique Lyon,Ligue 1,£3.06m,8,£1.35m,9,"-1,90 Mill. £",2014.0
970,183,FC Sion,Super League,£2.88m,27,£1.31m,18,"-1,75 Mill. £",2014.0
971,184,Brescia Calcio,Serie B,£2.88m,32,£3.20m,36,350 Th. £,2014.0
972,185,SC Heerenveen,Eredivisie,£2.84m,30,£20.52m,23,"19,65 Mill. £",2014.0
973,186,Vancouver Whitecaps FC,MLS,£2.77m,22,-,16,"-3,07 Mill. £",2014.0
974,187,Blackburn Rovers,Championship,£2.72m,28,-,35,"-3,03 Mill. £",2014.0
975,188,Derby County,Championship,£2.71m,34,-,35,"-3,01 Mill. £",2014.0
976,189,FC Toulouse,Ligue 1,£2.70m,12,£12.33m,9,"10,70 Mill. £",2014.0
977,190,FC Midtjylland,Superligaen,£2.61m,24,£450k,20,"-2,40 Mill. £",2014.0
978,191,Udinese Primavera,Primavera B,£2.61m,33,-,24,"-2,90 Mill. £",2014.0
979,192,Apollon Limassol,First Division,£2.61m,29,£1.71m,24,"-1,00 Mill. £",2014.0
980,193,Lechia Gdansk,Ekstraklasa,£2.61m,40,£2.32m,39,-320 Th. £,2014.0
981,194,Bursaspor,Süper Lig,£2.43m,17,£690k,22,"-1,93 Mill. £",2014.0
982,195,Hangzhou Greentown,Super League,£2.42m,16,£2.34m,22,-85 Th. £,2014.0
983,196,Istanbul Basaksehir,Süper Lig,£2.41m,19,£450k,21,"-2,18 Mill. £",2014.0
984,197,Chongqing Lifan,Super League,£2.41m,12,-,10,"-2,68 Mill. £",2014.0
985,198,Celtic FC,Premiership,£2.40m,25,£12.60m,25,"11,33 Mill. £",2014.0
986,199,PFK Ludogorets Razgrad,A Grupa - Championship gr.,£2.34m,7,-,9,"-2,60 Mill. £",2014.0
987,200,Vicenza Calcio,Serie B,£2.34m,52,£810k,55,"-1,70 Mill. £",2014.0
989,201,Vicenza Primavera,Primavera C,£2.34m,33,£1.80m,23,-600 Th. £,2014.0
990,202,Chicago Fire,MLS,£2.33m,27,£1.58m,33,-840 Th. £,2014.0
991,203,Sheffield Wednesday,Championship,£2.25m,29,£1.70m,29,-610 Th. £,2014.0
992,204,Qatar Sports Club,Stars League,£2.25m,5,-,7,"-2,50 Mill. £",2014.0
993,205,Sheffield United,League One,£2.18m,54,£2.84m,41,740 Th. £,2014.0
994,206,FC Astana,Premier Liga,£2.16m,16,-,19,"-2,40 Mill. £",2014.0
995,207,Al Gharafa Sports Club,Stars League,£2.16m,10,-,8,"-2,40 Mill. £",2014.0
996,208,EA Guingamp,Ligue 1,£2.16m,13,£2.25m,14,100 Th. £,2014.0
997,209,Al-Hilal Riyadh,Professional League,£2.16m,11,-,8,"-2,40 Mill. £",2014.0
998,210,Club Africain Tunis,Ligue I Pro,£2.13m,35,-,23,"-2,37 Mill. £",2014.0
999,211,Dnipro Dnipropetrovsk,Premier Liga,£2.03m,22,£5.40m,21,"3,75 Mill. £",2014.0
1000,212,FC Évian Thonon Gaillard,Ligue 1,£2.03m,20,£2.70m,23,750 Th. £,2014.0
1001,213,FC Porto B,Ledman Liga Pro,£2.01m,30,£225k,21,"-1,99 Mill. £",2014.0
1002,214,RCD Espanyol Barcelona,LaLiga,£1.98m,23,£9.90m,18,"8,80 Mill. £",2014.0
1003,215,Al-Shabab Riyadh,Professional League,£1.94m,15,-,20,"-2,15 Mill. £",2014.0
1004,216,Steaua Bukarest,Liga 1,£1.85m,24,£11.34m,24,"10,55 Mill. £",2014.0
1005,217,Guizhou Renhe,Super League,£1.82m,18,£6.53m,22,"5,23 Mill. £",2014.0
1006,218,FC Pro Vercelli 1892,Serie B,£1.80m,40,£1.58m,37,-250 Th. £,2014.0
1007,219,Chievo Primavera,Primavera B,£1.80m,37,-,39,"-2,00 Mill. £",2014.0
1008,220,Al-Ittihad Jeddah,Professional League,£1.80m,17,-,16,"-2,00 Mill. £",2014.0
1009,221,Maccabi Tel Aviv,Ligat ha'Al,£1.80m,24,-,15,"-2,00 Mill. £",2014.0
1010,222,1.FC Kaiserslautern,2.Bundesliga,£1.78m,25,£5.07m,26,"3,65 Mill. £",2014.0
1011,223,SC Paderborn 07,Bundesliga,£1.76m,16,-,14,"-1,95 Mill. £",2014.0
1012,224,Zamalek SC,Premier League,£1.76m,21,£1.13m,18,-700 Th. £,2014.0
1013,225,HNK Rijeka,1.HNL,£1.67m,51,£8.55m,42,"7,65 Mill. £",2014.0
1015,226,Stoke City,Premier League,£1.62m,21,£3.42m,22,"2,00 Mill. £",2014.0
1016,227,Puebla FC,Liga MX Clausura,£1.58m,35,-,48,"-1,75 Mill. £",2014.0
1017,228,Shanghai Shenxin,Super League,£1.58m,18,£2.77m,20,"1,33 Mill. £",2014.0
1018,229,Club Atlético Rosario Central,Primera División,£1.53m,20,£2.25m,21,800 Th. £,2014.0
1019,230,Beijing BSU,League One,£1.53m,12,-,14,"-1,70 Mill. £",2014.0
1020,231,Liaoning FC,Super League,£1.53m,14,-,18,"-1,70 Mill. £",2014.0
1021,232,Wydad Casablanca,Botola Pro,£1.53m,21,-,18,"-1,70 Mill. £",2014.0
1022,233,Club Tijuana,Liga MX Clausura,£1.49m,32,£11.52m,24,"11,15 Mill. £",2014.0
1023,234,Hunan Billows,League One,£1.49m,8,-,12,"-1,65 Mill. £",2014.0
1024,235,Rapid Vienna,Bundesliga,£1.49m,12,£4.23m,12,"3,05 Mill. £",2014.0
1025,236,FC Ingolstadt 04,2.Bundesliga,£1.49m,11,£900k,10,-650 Th. £,2014.0
1026,237,TSV 1860 Munich,2.Bundesliga,£1.47m,17,£2.43m,16,"1,07 Mill. £",2014.0
1027,238,Legia Warszawa,Ekstraklasa,£1.45m,27,£4.66m,21,"3,57 Mill. £",2014.0
1028,239,Lech Poznan,Ekstraklasa,£1.44m,14,£3.60m,12,"2,40 Mill. £",2014.0
1029,240,CD Cruz Azul,Liga MX Clausura,£1.35m,20,-,18,"-1,50 Mill. £",2014.0
1030,241,Club Deportivo Godoy Cruz Antonio Tomba,Primera División,£1.35m,32,£4.13m,34,"3,09 Mill. £",2014.0
1031,242,Empoli Primavera,Primavera C,£1.35m,27,£1.35m,24,+-0,2014.0
1032,243,Reading FC,Championship,£1.35m,31,£11.20m,27,"10,94 Mill. £",2014.0
1033,244,AZ Alkmaar,Eredivisie,£1.35m,22,£3.15m,20,"2,00 Mill. £",2014.0
1034,245,Málaga CF,LaLiga,£1.35m,16,£17.54m,17,"17,99 Mill. £",2014.0
1035,246,Atlético Nacional,Liga Águila II,£1.31m,24,£9.56m,24,"9,17 Mill. £",2014.0
1036,247,Tiburones Rojos de Veracruz,Liga MX Clausura,£1.31m,26,£1.35m,25,50 Th. £,2014.0
1037,248,Club Universidad de Chile,Primera División,£1.12m,32,£4.79m,33,"4,07 Mill. £",2014.0
1038,249,Querétaro FC,Liga MX Clausura,£720k,50,-,48,-800 Th. £,2014.0
1039,250,Kashiwa Reysol,J1 - 2nd Stage,£675k,13,£675k,10,+-0,2014.0
1041,1,Manchester City,Premier League,£187.47m,28,£60.69m,24,"-140,86 Mill. £",2015.0
1042,2,Manchester United,Premier League,£140.40m,22,£91.86m,21,"-53,93 Mill. £",2015.0
1043,3,Juventus FC,Serie A,£135.63m,136,£71.57m,85,"-71,17 Mill. £",2015.0
1044,4,Valencia CF,LaLiga,£129.51m,25,£45.09m,18,"-93,80 Mill. £",2015.0
1045,5,Atlético Madrid,LaLiga,£129.25m,33,£145.80m,23,"18,39 Mill. £",2015.0
1046,6,Liverpool FC,Premier League,£112.86m,28,£81.50m,23,"-34,85 Mill. £",2015.0
1047,7,Paris Saint-Germain,Ligue 1,£104.49m,13,£20.61m,11,"-93,20 Mill. £",2015.0
1048,8,Newcastle United,Premier League,£97.12m,28,£4.17m,25,"-103,28 Mill. £",2015.0
1049,9,Jiangsu Suning,Super League,£90.99m,14,£8.57m,14,"-91,58 Mill. £",2015.0
1050,10,AS Monaco,Ligue 1,£90.95m,42,£166.64m,34,"84,10 Mill. £",2015.0
1051,11,Inter Milan,Serie A,£88.88m,95,£100.64m,79,"13,07 Mill. £",2015.0
1052,12,Real Madrid,LaLiga,£83.25m,20,£14.09m,11,"-76,85 Mill. £",2015.0
1053,13,AC Milan,Serie A,£81.87m,68,£12.20m,58,"-77,42 Mill. £",2015.0
1054,14,Chelsea FC,Premier League,£81.45m,54,£78.74m,39,"-3,01 Mill. £",2015.0
1055,15,Bayern Munich,Bundesliga,£80.10m,11,£29.70m,11,"-56,00 Mill. £",2015.0
1056,16,Watford FC,Premier League,£75.18m,39,£8.78m,32,"-73,78 Mill. £",2015.0
1057,17,Hebei China Fortune,Super League,£70.10m,16,-,14,"-77,88 Mill. £",2015.0
1058,18,Guangzhou Evergrande Taobao,Super League,£65.84m,25,£27.41m,24,"-42,70 Mill. £",2015.0
1059,19,Tottenham Hotspur,Premier League,£63.90m,12,£78.82m,22,"16,58 Mill. £",2015.0
1060,20,VfL Wolfsburg,Bundesliga,£61.29m,15,£100.17m,13,"43,20 Mill. £",2015.0
1061,21,Aston Villa,Premier League,£59.81m,32,£58.23m,32,"-1,75 Mill. £",2015.0
1062,22,Sunderland AFC,Premier League,£59.45m,33,£9.45m,28,"-55,55 Mill. £",2015.0
1063,23,AS Roma,Serie A,£54.75m,86,£91.13m,71,"40,42 Mill. £",2015.0
1064,24,Southampton FC,Premier League,£54.09m,16,£47.43m,18,"-7,40 Mill. £",2015.0
1065,25,Bayer 04 Leverkusen,Bundesliga,£52.20m,30,£56.93m,18,"5,25 Mill. £",2015.0
1067,26,AFC Bournemouth,Premier League,£49.60m,33,£585k,33,"-54,46 Mill. £",2015.0
1068,27,Stoke City,Premier League,£48.29m,15,£20.88m,16,"-30,45 Mill. £",2015.0
1069,28,West Ham United,Premier League,£47.43m,27,£16.66m,30,"-34,19 Mill. £",2015.0
1070,29,FC Barcelona,LaLiga,£45.90m,15,£34.47m,10,"-12,70 Mill. £",2015.0
1071,30,Leicester City,Premier League,£44.91m,27,£8.51m,33,"-40,45 Mill. £",2015.0
1072,31,Everton FC,Premier League,£44.01m,21,£9.90m,18,"-37,90 Mill. £",2015.0
1073,32,Shanghai Greenland Shenhua,Super League,£43.27m,21,-,21,"-48,08 Mill. £",2015.0
1074,33,Norwich City,Premier League,£42.80m,35,£19.34m,32,"-26,06 Mill. £",2015.0
1075,34,Villarreal CF,LaLiga,£42.48m,24,£32.63m,21,"-10,95 Mill. £",2015.0
1076,35,Sevilla FC,LaLiga,£40.50m,24,£52.34m,23,"13,15 Mill. £",2015.0
1077,36,FC Porto,Liga NOS,£38.97m,46,£126.68m,38,"97,45 Mill. £",2015.0
1078,37,West Bromwich Albion,Premier League,£38.61m,12,£11.63m,13,"-29,98 Mill. £",2015.0
1079,38,SSC Napoli,Serie A,£38.43m,58,£16.46m,40,"-24,41 Mill. £",2015.0
1080,39,Fenerbahce SK,Süper Lig,£38.41m,27,£18.59m,20,"-22,03 Mill. £",2015.0
1081,40,Olympique Lyon,Ligue 1,£36.99m,13,£24.12m,13,"-14,30 Mill. £",2015.0
1082,41,Tianjin Quanjian,League One,£35.82m,17,-,19,"-39,80 Mill. £",2015.0
1083,42,Borussia Mönchengladbach,Bundesliga,£34.20m,14,£14.13m,11,"-22,30 Mill. £",2015.0
1084,43,FC Schalke 04,Bundesliga,£33.39m,20,£51.48m,19,"20,10 Mill. £",2015.0
1085,44,UC Sampdoria,Serie A,£32.46m,86,£14.60m,67,"-19,85 Mill. £",2015.0
1086,45,SS Lazio,Serie A,£31.82m,50,£2.13m,38,"-32,98 Mill. £",2015.0
1087,46,SL Benfica,Liga NOS,£31.82m,53,£93.87m,37,"68,95 Mill. £",2015.0
1088,47,ACF Fiorentina,Serie A,£31.41m,69,£33.84m,59,"2,70 Mill. £",2015.0
1089,48,Derby County,Championship,£30.65m,26,-,23,"-34,06 Mill. £",2015.0
1090,49,Middlesbrough FC,Championship,£30.06m,31,£6.39m,35,"-26,30 Mill. £",2015.0
1091,50,Al-Ahli Dubai Club,UAE Gulf League,£28.53m,8,-,8,"-31,70 Mill. £",2015.0
1093,51,US Sassuolo,Serie A,£27.63m,34,£22.77m,30,"-5,40 Mill. £",2015.0
1094,52,Crystal Palace,Premier League,£25.92m,21,£4.86m,26,"-23,40 Mill. £",2015.0
1095,53,Torino FC,Serie A,£25.51m,62,£17.78m,45,"-8,59 Mill. £",2015.0
1096,54,Shanghai SIPG,Super League,£24.75m,10,£853k,11,"-26,55 Mill. £",2015.0
1097,55,Bologna FC 1909,Serie A,£23.97m,57,£720k,49,"-25,83 Mill. £",2015.0
1098,56,Arsenal FC,Premier League,£23.85m,15,£2.25m,12,"-24,00 Mill. £",2015.0
1099,57,RB Leipzig,2.Bundesliga,£23.49m,20,£1.71m,22,"-24,20 Mill. £",2015.0
1100,58,Burnley FC,Championship,£23.13m,23,£18.63m,23,"-5,01 Mill. £",2015.0
1101,59,Beijing Guoan,Super League,£22.77m,16,£6.12m,17,"-18,50 Mill. £",2015.0
1102,60,Real Sociedad,LaLiga,£22.59m,21,£900k,18,"-24,10 Mill. £",2015.0
1103,61,TSG 1899 Hoffenheim,Bundesliga,£21.06m,40,£51.44m,31,"33,75 Mill. £",2015.0
1104,62,Tigres UANL,Liga MX Clausura,£20.03m,49,£3.15m,36,"-18,75 Mill. £",2015.0
1105,63,Hamburger SV,Bundesliga,£19.67m,23,£11.88m,20,"-8,65 Mill. £",2015.0
1106,64,Swansea City,Premier League,£19.63m,24,£15.12m,25,"-5,01 Mill. £",2015.0
1107,65,Olympiacos Piraeus,Super League,£18.47m,70,£4.39m,49,"-15,64 Mill. £",2015.0
1108,66,AS Saint-Étienne,Ligue 1,£18.27m,22,£20.88m,16,"2,90 Mill. £",2015.0
1109,67,PSV Eindhoven,Eredivisie,£18.27m,15,£51.75m,14,"37,21 Mill. £",2015.0
1110,68,Atalanta BC,Serie A,£18.09m,115,£34.16m,78,"17,85 Mill. £",2015.0
1111,69,Borussia Dortmund,Bundesliga,£18.00m,14,£38.30m,16,"22,55 Mill. £",2015.0
1112,70,Udinese Calcio,Serie A,£17.25m,97,£66.71m,63,"54,95 Mill. £",2015.0
1113,71,Olympique Marseille,Ligue 1,£17.24m,30,£49.01m,25,"35,30 Mill. £",2015.0
1114,72,Hannover 96,Bundesliga,£16.56m,26,£12.15m,21,"-4,90 Mill. £",2015.0
1115,73,Al-Jazira (Abu Dhabi),UAE Gulf League,£16.20m,8,£14.31m,12,"-2,10 Mill. £",2015.0
1116,74,Shandong Luneng Taishan,Super League,£16.05m,10,£272k,9,"-17,53 Mill. £",2015.0
1117,75,Queens Park Rangers,Championship,£15.67m,42,£10.62m,42,"-5,61 Mill. £",2015.0
1119,76,Deportivo Guadalajara,Liga MX Clausura,£15.48m,33,£3.33m,36,"-13,50 Mill. £",2015.0
1120,77,Spartak Moscow,Premier Liga,£15.30m,22,£15.01m,19,-320 Th. £,2015.0
1121,78,FC Augsburg,Bundesliga,£15.03m,17,£18.81m,11,"4,20 Mill. £",2015.0
1122,79,Club Brugge KV,Jupiler Pro League,£14.93m,38,£18.16m,26,"3,59 Mill. £",2015.0
1123,80,Celta de Vigo,LaLiga,£14.67m,13,£16.65m,12,"2,20 Mill. £",2015.0
1124,81,Guangzhou R&F,Super League,£14.47m,17,£21.42m,16,"7,73 Mill. £",2015.0
1125,82,Cagliari Calcio,Serie B,£14.13m,54,£16.78m,50,"2,94 Mill. £",2015.0
1126,83,VfB Stuttgart,Bundesliga,£14.10m,22,£18.50m,21,"4,88 Mill. £",2015.0
1127,84,Sheffield Wednesday,Championship,£13.91m,27,£1.22m,30,"-14,10 Mill. £",2015.0
1128,85,Celtic FC,Premiership,£13.59m,30,£17.26m,27,"4,07 Mill. £",2015.0
1129,86,RSC Anderlecht,Jupiler Pro League,£13.38m,23,£32.67m,20,"21,43 Mill. £",2015.0
1130,87,1. FC Köln,Bundesliga,£13.30m,13,£11.75m,16,"-1,73 Mill. £",2015.0
1131,88,Al-Nassr FC,Professional League,£13.23m,19,£2.39m,22,"-12,05 Mill. £",2015.0
1132,89,Sport Club Corinthians Paulista,Série A,£12.89m,44,£29.61m,47,"18,58 Mill. £",2015.0
1133,90,Besiktas JK,Süper Lig,£12.56m,31,£24.21m,27,"12,95 Mill. £",2015.0
1134,91,1.FSV Mainz 05,Bundesliga,£12.47m,27,£30.78m,25,"20,35 Mill. £",2015.0
1135,92,Trabzonspor,Süper Lig,£12.29m,54,£12.24m,37,-54 Th. £,2015.0
1136,93,Brighton & Hove Albion,Championship,£12.11m,33,-,29,"-13,45 Mill. £",2015.0
1137,94,Sociedade Esportiva Palmeiras,Série A,£11.95m,58,£3.15m,59,"-9,78 Mill. £",2015.0
1138,95,FC Basel 1893,Super League,£11.88m,25,£31.68m,20,"22,00 Mill. £",2015.0
1139,96,Genoa CFC,Serie A,£11.88m,76,£37.26m,59,"28,20 Mill. £",2015.0
1140,97,LOSC Lille,Ligue 1,£11.61m,30,£31.73m,20,"22,35 Mill. £",2015.0
1141,98,SV Werder Bremen,Bundesliga,£11.59m,26,£17.51m,19,"6,57 Mill. £",2015.0
1142,99,Al-Ain FC,UAE Gulf League,£11.16m,13,£9.09m,14,"-2,30 Mill. £",2015.0
1143,100,US Palermo,Serie A,£10.76m,58,£46.71m,44,"39,95 Mill. £",2015.0
1145,101,Eintracht Frankfurt,Bundesliga,£10.64m,16,£10.89m,14,280 Th. £,2015.0
1146,102,Hull City,Championship,£10.31m,15,£31.64m,25,"23,70 Mill. £",2015.0
1147,103,Ajax Amsterdam,Eredivisie,£10.17m,18,£5.40m,15,"-5,30 Mill. £",2015.0
1148,104,Standard Liège,Jupiler Pro League,£10.13m,46,£13.59m,47,"3,85 Mill. £",2015.0
1149,105,Club Atlético Boca Juniors,Primera División,£10.00m,28,£20.10m,29,"11,23 Mill. £",2015.0
1150,106,Galatasaray SK,Süper Lig,£9.93m,36,£19.62m,27,"10,76 Mill. £",2015.0
1151,107,Club Deportivo Maldonado,Segunda División - Segunda Fase,£9.90m,38,£4.05m,35,"-6,50 Mill. £",2015.0
1152,108,FC Girondins Bordeaux,Ligue 1,£9.90m,15,£20.07m,15,"11,30 Mill. £",2015.0
1153,109,Feyenoord Rotterdam,Eredivisie,£9.45m,23,£16.92m,19,"8,30 Mill. £",2015.0
1154,110,Brentford FC,Championship,£9.37m,22,£22.95m,34,"15,10 Mill. £",2015.0
1155,111,Ajax Amsterdam U21,Keuken Kampioen Divisie,£9.25m,17,-,13,"-10,28 Mill. £",2015.0
1156,112,Dynamo Kyiv,Premier Liga,£9.09m,31,£13.32m,19,"4,70 Mill. £",2015.0
1157,113,FC Lorient,Ligue 1,£8.93m,18,£16.65m,17,"8,58 Mill. £",2015.0
1158,114,Club Atlético River Plate,Primera División,£8.89m,26,£24.79m,27,"17,67 Mill. £",2015.0
1159,115,Sporting CP,Liga NOS,£8.79m,34,£17.12m,23,"9,25 Mill. £",2015.0
1160,116,Clube Atlético Mineiro,Série A,£8.54m,41,£15.68m,36,"7,93 Mill. £",2015.0
1161,117,Wolverhampton Wanderers,Championship,£8.41m,32,£13.57m,32,"5,73 Mill. £",2015.0
1162,118,GNK Dinamo Zagreb,1.HNL,£8.37m,42,£12.51m,27,"4,61 Mill. £",2015.0
1163,119,AC Cesena,Serie B,£8.06m,67,£20.93m,57,"14,30 Mill. £",2015.0
1164,120,Real Betis Balompié,LaLiga,£7.97m,28,£945k,21,"-7,80 Mill. £",2015.0
1165,121,KRC Genk,Jupiler Pro League,£7.83m,33,£21.74m,25,"15,45 Mill. £",2015.0
1166,122,Fulham FC,Championship,£7.80m,33,£8.57m,35,855 Th. £,2015.0
1167,123,Málaga CF,LaLiga,£7.79m,23,£42.12m,26,"38,15 Mill. £",2015.0
1168,124,Red Bull Salzburg,Bundesliga,£7.77m,24,£7.74m,18,-36 Th. £,2015.0
1169,125,BSC Young Boys,Super League,£7.70m,20,£1.08m,16,"-7,35 Mill. £",2015.0
1171,126,KAA Gent,Jupiler Pro League,£7.38m,36,£2.25m,30,"-5,70 Mill. £",2015.0
1172,127,Athletic Bilbao,LaLiga,£7.20m,20,-,16,"-8,00 Mill. £",2015.0
1173,128,Deportivo de La Coruña,LaLiga,£7.20m,21,-,25,"-8,00 Mill. £",2015.0
1174,129,Tianjin Teda,Super League,£7.11m,15,£63k,14,"-7,83 Mill. £",2015.0
1175,130,Fluminense Football Club,Série A,£6.91m,51,£10.13m,54,"3,57 Mill. £",2015.0
1176,131,Chievo Verona,Serie A,£6.89m,104,£12.83m,75,"6,60 Mill. £",2015.0
1177,132,Bursaspor,Süper Lig,£6.85m,35,£21.09m,29,"15,82 Mill. £",2015.0
1178,133,Hertha BSC,Bundesliga,£6.57m,15,£4.43m,12,"-2,38 Mill. £",2015.0
1179,134,PAOK Thessaloniki,Super League,£6.47m,61,£2.70m,34,"-4,19 Mill. £",2015.0
1180,135,SL Benfica B,Ledman Liga Pro,£6.35m,50,-,30,"-7,05 Mill. £",2015.0
1181,136,FC Nantes,Ligue 1,£6.30m,16,£15.80m,17,"10,55 Mill. £",2015.0
1182,137,Yanbian Funde,Super League,£6.29m,10,-,10,"-6,99 Mill. £",2015.0
1183,138,Leeds United,Championship,£6.27m,21,£4.95m,26,"-1,46 Mill. £",2015.0
1184,139,FC Copenhagen,Superligaen,£6.12m,15,£6.41m,16,318 Th. £,2015.0
1185,140,Clube de Regatas do Flamengo,Série A,£5.96m,57,£7.04m,49,"1,20 Mill. £",2015.0
1186,141,PFK Ludogorets Razgrad,Parva Liga,£5.95m,11,£4.68m,10,"-1,42 Mill. £",2015.0
1187,142,Levante UD,LaLiga,£5.90m,19,-,19,"-6,55 Mill. £",2015.0
1188,143,Club Atlético San Lorenzo de Almagro,Primera División,£5.76m,26,£1.87m,17,"-4,32 Mill. £",2015.0
1189,144,Los Angeles Galaxy,MLS,£5.72m,22,£1.80m,18,"-4,35 Mill. £",2015.0
1190,145,FC Empoli,Serie A,£5.72m,50,£10.35m,39,"5,15 Mill. £",2015.0
1191,146,Grêmio Foot-Ball Porto Alegrense,Série A,£5.71m,42,£3.04m,40,"-2,96 Mill. £",2015.0
1192,147,CF América,Liga MX Clausura,£5.67m,28,-,22,"-6,30 Mill. £",2015.0
1193,148,Hellas Verona,Serie A,£5.67m,69,£1.67m,62,"-4,45 Mill. £",2015.0
1194,149,FC Ingolstadt 04,Bundesliga,£5.58m,6,-,9,"-6,20 Mill. £",2015.0
1195,150,Chongqing Lifan,Super League,£5.54m,18,£900k,18,"-5,15 Mill. £",2015.0
1197,151,SM Caen,Ligue 1,£5.45m,23,£12.60m,18,"7,95 Mill. £",2015.0
1198,152,Beijing BSU,League One,£5.40m,13,-,12,"-6,00 Mill. £",2015.0
1199,153,El Ahly Cairo,Premier League,£5.13m,16,£900k,15,"-4,70 Mill. £",2015.0
1200,154,Club Atlético Independiente,Primera División,£5.12m,22,£4.90m,25,-248 Th. £,2015.0
1201,155,Stade Rennais FC,Ligue 1,£5.08m,28,£9.54m,20,"4,96 Mill. £",2015.0
1202,156,CD Cruz Azul,Liga MX Clausura,£5.03m,32,-,24,"-5,59 Mill. £",2015.0
1203,157,Cruzeiro Esporte Clube,Série A,£4.98m,45,£716k,52,"-4,74 Mill. £",2015.0
1204,158,Juventus Primavera,Primavera A,£4.95m,64,£135k,48,"-5,35 Mill. £",2015.0
1205,159,Deportivo Toluca,Liga MX Clausura,£4.93m,28,-,24,"-5,48 Mill. £",2015.0
1206,160,Reading FC,Championship,£4.82m,35,£7.92m,40,"3,45 Mill. £",2015.0
1207,161,Al Gharafa Sports Club,Stars League,£4.77m,14,£990k,17,"-4,20 Mill. £",2015.0
1208,162,Chievo Primavera,Primavera B,£4.70m,52,-,42,"-5,22 Mill. £",2015.0
1209,163,CF Monterrey,Liga MX Clausura,£4.59m,38,-,29,"-5,10 Mill. £",2015.0
1210,164,Club León FC,Liga MX Clausura,£4.50m,33,£6.57m,27,"2,30 Mill. £",2015.0
1211,165,Lokomotiv Moscow,Premier Liga,£4.50m,12,£17.46m,12,"14,40 Mill. £",2015.0
1212,166,SC Freiburg,2.Bundesliga,£4.44m,28,£23.18m,19,"20,82 Mill. £",2015.0
1213,167,Al-Ahli Jeddah,Professional League,£4.42m,15,£2.84m,19,"-1,76 Mill. £",2015.0
1214,168,AZ Alkmaar,Eredivisie,£4.23m,22,£17.82m,14,"15,10 Mill. £",2015.0
1215,169,Zenit St. Petersburg,Premier Liga,£4.18m,16,£15.89m,13,"13,01 Mill. £",2015.0
1216,170,FC Midtjylland,Superligaen,£4.15m,25,£3.33m,24,-910 Th. £,2015.0
1217,171,Racing Club,Primera División,£4.14m,24,-,19,"-4,61 Mill. £",2015.0
1218,172,Portland Timbers,MLS,£4.14m,18,£828k,18,"-3,68 Mill. £",2015.0
1219,173,Al Duhail Sports Club,Stars League,£4.12m,8,-,11,"-4,58 Mill. £",2015.0
1220,174,Maccabi Tel Aviv,Ligat ha'Al,£4.05m,25,£1.26m,26,"-3,10 Mill. £",2015.0
1221,175,Delfino Pescara 1936,Serie B,£4.01m,77,£11.07m,73,"7,84 Mill. £",2015.0
1223,176,UD Las Palmas,LaLiga,£3.96m,23,-,20,"-4,40 Mill. £",2015.0
1224,177,Wigan Athletic,League One,£3.92m,49,£5.20m,43,"1,43 Mill. £",2015.0
1225,178,Charlton Athletic,Championship,£3.83m,40,£5.31m,44,"1,65 Mill. £",2015.0
1226,179,SC Braga,Liga NOS,£3.78m,45,£25.50m,30,"24,13 Mill. £",2015.0
1227,180,OGC Nice,Ligue 1,£3.69m,28,£12.60m,23,"9,90 Mill. £",2015.0
1228,181,Rubin Kazan,Premier Liga,£3.63m,36,£270k,21,"-3,73 Mill. £",2015.0
1229,182,Manchester City U21,Premier League 2,£3.60m,30,£194k,23,"-3,79 Mill. £",2015.0
1230,183,Granada CF,LaLiga,£3.47m,50,£10.05m,50,"7,32 Mill. £",2015.0
1231,184,FK Rostov,Premier Liga,£3.42m,23,-,26,"-3,80 Mill. £",2015.0
1232,185,Kashiwa Reysol,J1 - 2nd Stage,£3.39m,14,-,12,"-3,77 Mill. £",2015.0
1233,186,Bristol City,Championship,£3.34m,26,£225k,25,"-3,47 Mill. £",2015.0
1234,187,SD Eibar,LaLiga,£3.33m,30,-,31,"-3,70 Mill. £",2015.0
1235,188,FC Groningen,Eredivisie,£3.33m,15,£4.89m,13,"1,74 Mill. £",2015.0
1236,189,Al-Ittihad Jeddah,Professional League,£3.31m,23,-,23,"-3,68 Mill. £",2015.0
1237,190,Esperance Tunis,Ligue I Pro,£3.30m,30,£315k,22,"-3,31 Mill. £",2015.0
1238,191,Al Rayyan Sports Club,Stars League,£3.28m,25,-,22,"-3,64 Mill. £",2015.0
1239,192,SK Slavia Prag,Fortuna Liga,£3.24m,35,-,30,"-3,60 Mill. £",2015.0
1240,193,Al Sadd Sports Club,Stars League,£3.15m,14,-,11,"-3,50 Mill. £",2015.0
1241,194,Hellas Verona Primavera,Primavera B,£3.15m,25,£3.15m,25,+-0,2015.0
1242,195,Genoa Primavera,Primavera A,£3.15m,52,£3.15m,48,+-0,2015.0
1243,196,SC Heerenveen,Eredivisie,£3.11m,19,£3.92m,15,900 Th. £,2015.0
1244,197,Club Atlético Rosario Central,Primera División,£3.06m,16,£990k,12,"-2,30 Mill. £",2015.0
1245,198,Shijiazhuang Ever Bright,Super League,£2.84m,12,-,13,"-3,15 Mill. £",2015.0
1246,199,RCD Espanyol Barcelona,LaLiga,£2.84m,32,£13.68m,24,"12,05 Mill. £",2015.0
1247,200,Al-Wahda FC Abu Dhabi,UAE Gulf League,£2.79m,5,-,10,"-3,10 Mill. £",2015.0
1249,201,Birmingham City,Championship,£2.74m,29,£4.59m,33,"2,06 Mill. £",2015.0
1250,202,Brescia Calcio,Serie B,£2.70m,38,£2.84m,36,150 Th. £,2015.0
1251,203,Al-Nasr (Dubai),UAE Gulf League,£2.70m,10,-,14,"-3,00 Mill. £",2015.0
1252,204,Kasimpasa,Süper Lig,£2.67m,18,£5.85m,18,"3,53 Mill. £",2015.0
1253,205,Al-Ettifaq,Saudi Arabia,£2.63m,14,£2.61m,12,-25 Th. £,2015.0
1254,206,Legia Warszawa,Ekstraklasa,£2.63m,30,£2.48m,27,-175 Th. £,2015.0
1255,207,FC Toulouse,Ligue 1,£2.61m,13,£9.45m,14,"7,60 Mill. £",2015.0
1256,208,Baniyas SC,UAE Gulf League,£2.60m,8,-,8,"-2,89 Mill. £",2015.0
1257,209,Panathinaikos Athens,Super League,£2.57m,25,£2.25m,21,-350 Th. £,2015.0
1258,210,Arsenal FC U21,Premier League 2,£2.52m,16,-,16,"-2,80 Mill. £",2015.0
1259,211,HSC Montpellier,Ligue 1,£2.45m,12,£3.60m,11,"1,28 Mill. £",2015.0
1260,212,CF Pachuca,Liga MX Clausura,£2.43m,52,£7.97m,44,"6,15 Mill. £",2015.0
1261,213,Colorado Rapids,MLS,£2.43m,23,-,24,"-2,70 Mill. £",2015.0
1262,214,SC Paderborn 07,2.Bundesliga,£2.43m,20,£5.49m,22,"3,40 Mill. £",2015.0
1263,215,Sampdoria Primavera,Primavera A,£2.43m,31,-,29,"-2,70 Mill. £",2015.0
1264,216,FC Porto B,Ledman Liga Pro,£2.43m,52,-,38,"-2,70 Mill. £",2015.0
1265,217,Sharjah Cultural Sports Club,UAE Gulf League,£2.43m,6,-,11,"-2,70 Mill. £",2015.0
1266,218,Hangzhou Greentown,Super League,£2.41m,29,£10.86m,27,"9,39 Mill. £",2015.0
1267,219,Arsenal FC U18,England,£2.35m,13,-,10,"-2,62 Mill. £",2015.0
1268,220,Henan Jianye,Super League,£2.35m,17,£11.95m,21,"10,67 Mill. £",2015.0
1269,221,1.FC Kaiserslautern,2.Bundesliga,£2.34m,19,£5.76m,18,"3,80 Mill. £",2015.0
1270,222,Steaua Bukarest,Liga 1,£2.30m,44,£900k,28,"-1,55 Mill. £",2015.0
1271,223,Atlético Nacional,Liga Águila II,£2.25m,31,£4.05m,26,"2,00 Mill. £",2015.0
1272,224,Al-Shabab Al-Arabi Club,UAE Gulf League,£2.25m,6,£1.80m,6,-500 Th. £,2015.0
1273,225,Istanbul Basaksehir,Süper Lig,£2.25m,13,£2.49m,11,270 Th. £,2015.0
1275,226,Cesena Primavera,Primavera B,£2.25m,42,-,44,"-2,50 Mill. £",2015.0
1276,227,Club Estudiantes de La Plata,Primera División,£2.25m,30,£16.71m,32,"16,07 Mill. £",2015.0
1277,228,Red Star Belgrade,SuperLiga,£2.24m,47,£14.18m,41,"13,26 Mill. £",2015.0
1278,229,Zamalek SC,Premier League,£2.17m,22,£2.34m,16,190 Th. £,2015.0
1279,230,Hapoel Tel Aviv,Ligat ha'Al,£2.12m,34,£225k,36,"-2,10 Mill. £",2015.0
1280,231,São Paulo Futebol Clube,Série A,£2.09m,26,£28.27m,26,"29,09 Mill. £",2015.0
1281,232,Dalian Yifang,League One,£2.07m,13,£653k,14,"-1,58 Mill. £",2015.0
1282,233,Vitória Guimarães SC,Liga NOS,£2.03m,23,£6.75m,23,"5,25 Mill. £",2015.0
1283,234,Genclerbirligi Ankara,Süper Lig,£2.02m,45,-,32,"-2,25 Mill. £",2015.0
1284,235,Sport Club Internacional,Série A,£1.94m,49,£18.92m,48,"18,87 Mill. £",2015.0
1285,236,Bröndby IF,Superligaen,£1.93m,23,£3.69m,17,"1,95 Mill. £",2015.0
1286,237,Sport Club do Recife,Série A,£1.91m,30,£3.23m,27,"1,47 Mill. £",2015.0
1287,238,Caykur Rizespor,Süper Lig,£1.88m,24,£1.98m,20,114 Th. £,2015.0
1288,239,Vissel Kobe,J1 - 2nd Stage,£1.80m,16,£1.04m,14,-850 Th. £,2015.0
1289,240,Club Tijuana,Liga MX Clausura,£1.80m,37,-,35,"-2,00 Mill. £",2015.0
1290,241,Rapid Vienna,Bundesliga,£1.80m,12,£8.01m,7,"6,90 Mill. £",2015.0
1291,242,Al-Hilal Riyadh,Professional League,£1.80m,9,£9.90m,13,"9,00 Mill. £",2015.0
1292,243,Liaoning FC,Super League,£1.80m,17,£15.21m,17,"14,90 Mill. £",2015.0
1293,244,Dnipro Dnipropetrovsk,Premier Liga,£1.80m,17,£9.27m,17,"8,30 Mill. £",2015.0
1294,245,Apollon Limassol,First Division,£1.80m,24,£5.94m,28,"4,60 Mill. £",2015.0
1295,246,Yokohama F. Marinos,J1 - 2nd Stage,£1.76m,12,-,15,"-1,95 Mill. £",2015.0
1296,247,CSD Colo Colo,Primera División,£1.22m,21,£828k,17,-437 Th. £,2015.0
1297,248,Club Necaxa,Ascenso MX Clausura,£1.20m,24,-,29,"-1,33 Mill. £",2015.0
1298,249,Huachipato FC,Primera División,£1.13m,17,£1.04m,20,-90 Th. £,2015.0
1299,250,Club Universidad de Chile,Primera División,£1.08m,29,-,26,"-1,20 Mill. £",2015.0
